GS	converged	loss	gene.tested	coef	std.err	t.value	p.value	adj.p.val	Target_Gene	Library
KEGG_GLYCOLYSIS_GLUCONEOGENESIS	Y	0.0272024895204427	38	0.188925767014383	0.45786879899617	0.412619875887118	0.67989493044025	0.995585812883633	GCK, PGK1, PDHB, PDHA1, PDHA2, PGM2, TPI1, ACSS1, ADH1B, HK2, HK1, ADH4, ADH5, PGAM1, ALDOC, ALDH7A1, PKLR, ENO1, PKM, PFKP, ALDH1B1, AKR1A1, PFKM, GAPDH, PGAM4, LDHB, ALDH1A3, ALDH3B1, ALDH3B2, ALDH9A1, GALM, ALDOA, DLAT, ALDOB, LDHA, G6PC, PGM1, GPI	c2.cp.kegg.v7.1
KEGG_CITRATE_CYCLE_TCA_CYCLE	Y	0.0115188355338611	14	-9.18320063633688	612.92759311101	-0.0149825211648999	0.988046455829092	0.995585812883633	DLST, CS, PDHB, PDHA1, PDHA2, OGDH, SDHB, IDH3A, ACLY, MDH2, DLAT, SDHA, SUCLG1, SUCLG2	c2.cp.kegg.v7.1
KEGG_PENTOSE_PHOSPHATE_PATHWAY	Y	0.013621474259361	17	-9.31309652646329	612.973984807831	-0.0151932981778712	0.987878303902596	0.995585812883633	RPIA, PGM2, PGLS, PRPS2, PFKM, TALDO1, TKT, ALDOA, ALDOC, ALDOB, H6PD, PRPS1L1, PRPS1, G6PD, PGM1, PFKP, GPI	c2.cp.kegg.v7.1
KEGG_PENTOSE_AND_GLUCURONATE_INTERCONVERSIONS	Y	0.00934436771997863	11	-9.02196924636523	612.866431601912	-0.0147209388231357	0.988255139544514	0.995585812883633	UGT1A10, UGT2B28, UGDH, GUSB, DCXR, UGP2, XYLB, UGT2B10, UGT2B4, UGT2B17, UGT2B15	c2.cp.kegg.v7.1
KEGG_FRUCTOSE_AND_MANNOSE_METABOLISM	Y	0.014292729532221	18	0.664871852308246	0.444999022421946	1.49409733237081	0.135185114225574	0.995585812883633	MPI, PFKM, GMDS, MTMR6, TPI1, PFKFB3, FCSK, PFKFB2, MTMR1, AKR1B10, HK2, HK1, ALDOA, ALDOC, ALDOB, SORD, GMPPA, PFKP	c2.cp.kegg.v7.1
KEGG_GALACTOSE_METABOLISM	Y	0.011518835533861	14	-9.18320063633578	612.927593112364	-0.014982521164865	0.98804645582912	0.995585812883633	GCK, GLB1, B4GALT1, PGM2, PFKM, MGAM, HK2, HK1, G6PC, UGP2, PGM1, B4GALT2, GAA, PFKP	c2.cp.kegg.v7.1
KEGG_ASCORBATE_AND_ALDARATE_METABOLISM	Y	0.00934436771997866	11	-9.02196924635486	612.866431599906	-0.014720938823167	0.988255139544489	0.995585812883633	UGT1A10, ALDH1B1, UGT2B28, MIOX, UGDH, ALDH9A1, ALDH7A1, UGT2B10, UGT2B4, UGT2B17, UGT2B15	c2.cp.kegg.v7.1
KEGG_FATTY_ACID_METABOLISM	Y	0.0227748535743322	31	-9.04750210881032	371.702197905371	-0.0243407280338807	0.980581364186802	0.995585812883633	CPT1A, ACADS, ALDH1B1, ACADSB, ACADL, CYP4A11, ACAT2, ACADVL, ACAT1, ACAA2, HADH, HADHB, HADHA, CYP4A22, ACSL6, ADH1B, ADH4, ECHS1, ADH5, ALDH9A1, ACSL5, EHHADH, GCDH, ALDH7A1, ACSL1, ACAA1, CPT2, CPT1B, ACOX1, ECI2, ACSL4	c2.cp.kegg.v7.1
KEGG_STEROID_BIOSYNTHESIS	Y	0.00784542160953115	9	-9.55576339055252	1010.81008736206	-0.00945356947860546	0.992457464005778	0.995585812883633	SOAT1, LSS, EBP, CYP51A1, DHCR24, MSMO1, FDFT1, SC5D, LIPA	c2.cp.kegg.v7.1
KEGG_PRIMARY_BILE_ACID_BIOSYNTHESIS	Y	0.00549968820114441	6	-9.28461528263453	1010.64535177405	-0.00918681836940786	0.992670285460953	0.995585812883633	CYP7B1, HSD17B4, SCP2, AKR1D1, CYP7A1, CYP8B1	c2.cp.kegg.v7.1
KEGG_STEROID_HORMONE_BIOSYNTHESIS	Y	0.0157399505178446	20	0.194873824187374	0.626935268263236	0.310835638146857	0.755932748351955	0.995585812883633	SRD5A3, UGT2B28, COMT, CYP7A1, SULT1E1, HSD17B2, CYP19A1, HSD17B6, UGT1A10, CYP1A1, CYP1B1, STS, SRD5A1, CYP7B1, AKR1D1, HSD17B12, UGT2B10, UGT2B4, UGT2B17, UGT2B15	c2.cp.kegg.v7.1
KEGG_OXIDATIVE_PHOSPHORYLATION	Y	0.0399215098972267	60	-0.0735619101077316	0.452673455495992	-0.162505464401773	0.870911460830746	0.995585812883633	ATP6V1G1, NDUFA5, ATP6V0A1, ATP5PO, MT-CO2, MT-CO1, ATP6AP1, MT-CO3, COX4I1, MT-ATP6, ATP5PD, NDUFA2, UQCRQ, LHPP, ATP6V0D2, COX7A2L, ATP5MC3, ATP5MC1, COX5A, ATP5F1A, ATP5PF, SDHA, ATP6V1A, ATP6V1E1, ATP6V1B2, ATP6V1B1, COX10, COX8A, COX7C, SDHB, COX7B, ATP5F1B, COX6B1, ATP5F1C, ATP6V1F, ATP6V0A2, UQCRB, COX6A1, UQCRFS1, UQCRC2, NDUFA10, MT-ND6, MT-ND5, NDUFA7, UQCR11, NDUFV3, MT-ND4, MT-ND4L, MT-ND2, MT-ND3, MT-ND1, ATP5MG, ATP6V0E1, NDUFA11, NDUFB10, NDUFC2, NDUFS1, NDUFS5, NDUFS2, NDUFB5	c2.cp.kegg.v7.1
KEGG_PURINE_METABOLISM	Y	0.0578130212285808	94	-0.358948580856091	0.455860268684583	-0.787409224962425	0.431063010203499	0.995585812883633	NT5C2, POLR2H, POLR2E, POLR2F, ENPP1, POLR2I, POLR2J, POLE3, ADSS2, PRPS2, ADSL, NME6, PNPT1, POLD3, POLR2L, NME1-NME2, AK2, AK4, POLA2, AMPD3, AMPD2, NME4, ATIC, NME2, NME3, POLR3G, POLR3F, PDE4C, PDE3B, PDE4A, GMPR2, PDE6D, PDE4D, PDE6A, PRIM1, PRIM2, GMPR, GUCY1A2, FHIT, ADCY3, ADCY1, POLA1, PDE2A, POLD1, GDA, POLD2, POLE, PDE7A, PRPS1, POLR1E, PAICS, POLR2B, POLR3A, POLR2A, POLR2D, POLR2C, ADCY9, ADCY6, ADCY7, POLR3K, POLR1B, PNP, PDE1A, HPRT1, PAPSS1, PAPSS2, NT5M, IMPDH1, IMPDH2, POLR3H, POLR2J3, POLR1A, POLR3B, PKLR, ENTPD4, PKM, GUK1, ADK, ITPA, RRM1, POLR3D, RRM2, NT5E, NPR1, ENTPD6, ENTPD5, ENTPD3, NUDT5, ENTPD1, PFAS, NT5C1B, APRT, PRPS1L1, PPAT	c2.cp.kegg.v7.1
KEGG_PYRIMIDINE_METABOLISM	Y	0.0442385510982153	68	-0.570498680704209	0.635366967733231	-0.897904218627466	0.369260549535071	0.995585812883633	NT5C2, POLR2H, POLR2E, POLR2F, POLR2I, POLR2J, POLE3, TYMS, TXNRD1, NME6, PNPT1, DHODH, POLD3, POLR2L, NME1-NME2, POLA2, NME4, NME2, NME3, POLR3G, POLR3F, PRIM1, PRIM2, CTPS1, POLA1, POLD1, POLD2, POLE, CAD, CMPK2, POLR1E, POLR3A, DCTD, POLR2B, POLR2A, POLR2D, POLR2C, UCK1, TXNRD2, CMPK1, POLR3K, PNP, POLR1B, UPP2, CTPS2, NT5M, POLR3H, POLR2J3, POLR1A, POLR3B, ENTPD4, ITPA, RRM1, RRM2, POLR3D, DPYD, TYMP, UMPS, UCK2, TK1, NT5E, UPP1, ENTPD6, ENTPD5, ENTPD3, ENTPD1, NT5C1B, AK3	c2.cp.kegg.v7.1
KEGG_ALANINE_ASPARTATE_AND_GLUTAMATE_METABOLISM	Y	0.013621474259361	17	-9.31309652646822	612.973984809919	-0.0151932981778275	0.987878303902631	0.995585812883633	GLUD2, GFPT2, AGXT2, CPS1, ABAT, ADSS2, ADSL, GFPT1, GPT2, GOT2, GLUL, GOT1, CAD, ALDH5A1, ASS1, PPAT, ASPA	c2.cp.kegg.v7.1
KEGG_GLYCINE_SERINE_AND_THREONINE_METABOLISM	Y	0.0108027861940908	13	-9.13364211431281	612.909189206349	-0.0149021131925594	0.988110603170618	0.995585812883633	MAOB, AGXT2, MAOA, AOC2, GATM, SHMT1, PHGDH, SHMT2, PSAT1, CHDH, CBS, CTH, DAO	c2.cp.kegg.v7.1
KEGG_CYSTEINE_AND_METHIONINE_METABOLISM	Y	0.0177496554262159	23	0.0675374262393674	0.649986287157465	0.10390592474608	0.917246312304879	0.995585812883633	AMD1, SRM, AHCY, DNMT1, DNMT3A, DNMT3B, SMS, LDHB, ENOPH1, GOT2, CDO1, APIP, GOT1, AHCYL1, MTAP, MAT2B, LDHA, MTR, CBS, MAT1A, AHCYL2, CTH, MAT2A	c2.cp.kegg.v7.1
KEGG_VALINE_LEUCINE_AND_ISOLEUCINE_DEGRADATION	Y	0.0202497413333816	27	-9.62298034652778	613.073146971836	-0.0156963005051824	0.987477025093481	0.995585812883633	ALDH1B1, ACADS, ACADSB, ABAT, ACAT2, HSD17B10, ACAT1, ACAA2, HADH, HADHB, DBT, HADHA, HMGCL, IVD, ACAD8, ECHS1, ALDH9A1, PCCB, EHHADH, HMGCS1, PCCA, ALDH7A1, HIBADH, ACAA1, MCCC2, BCAT1, BCAT2	c2.cp.kegg.v7.1
KEGG_VALINE_LEUCINE_AND_ISOLEUCINE_BIOSYNTHESIS	Y	0.00860044494590238	10	-8.95828107622076	612.84132775728	-0.0146176190646345	0.988337565632831	0.995585812883633	PDHB, IARS2, PDHA1, PDHA2, LARS1, LARS2, VARS1, BCAT1, BCAT2, IARS1	c2.cp.kegg.v7.1
KEGG_LYSINE_DEGRADATION	Y	0.0216348805636105	29	-0.0701270617419684	0.648505144698712	-0.108136477120083	0.91388983523209	0.995585812883633	AASDHPPT, DLST, ALDH1B1, ACAT2, PLOD1, ACAT1, KMT5A, HADH, OGDH, HADHA, ECHS1, ALDH9A1, KMT5B, SUV39H1, ASH1L, SETD1B, DOT1L, NSD2, EHHADH, SETD1A, GCDH, SETD7, ALDH7A1, NSD3, EHMT1, SETDB1, SETD2, PLOD3, NSD1	c2.cp.kegg.v7.1
KEGG_ARGININE_AND_PROLINE_METABOLISM	Y	0.0215199629602004	29	-9.67090031078119	613.086958592363	-0.0157741086729123	0.987414952561927	0.995585812883633	SRM, AZIN2, GLUD2, ARG2, SMS, CKB, NOS3, NOS1, GOT2, GLUL, ALDH7A1, AGMAT, GOT1, PYCR1, ASS1, ALDH18A1, DAO, AMD1, MAOB, MAOA, CPS1, P4HA3, ALDH1B1, GATM, ACY1, ALDH9A1, CKMT1B, PYCR3, ODC1	c2.cp.kegg.v7.1
KEGG_HISTIDINE_METABOLISM	Y	0.0108027861940908	13	-9.13364211431243	612.909189206373	-0.0149021131925582	0.988110603170619	0.995585812883633	CNDP1, MAOB, MAOA, ALDH1B1, METTL6, ALDH1A3, METTL2B, ALDH3B1, ALDH3B2, ALDH9A1, HEMK1, ALDH7A1, ASPA	c2.cp.kegg.v7.1
KEGG_TYROSINE_METABOLISM	Y	0.013621474259361	17	-9.31309652646178	612.973984809067	-0.0151932981778381	0.987878303902622	0.995585812883633	MAOB, MAOA, AOC2, METTL6, COMT, METTL2B, ADH1B, ALDH1A3, ALDH3B1, ADH4, ALDH3B2, ADH5, HEMK1, GOT2, GOT1, TYRP1, NAA80	c2.cp.kegg.v7.1
KEGG_PHENYLALANINE_METABOLISM	Y	0.00784542160953105	9	-9.55576339055396	1010.8100873603	-0.0094535694786234	0.992457464005764	0.995585812883633	ALDH1A3, ALDH3B1, ALDH3B2, MAOB, MAOA, GOT2, AOC2, GOT1, NAA80	c2.cp.kegg.v7.1
KEGG_TRYPTOPHAN_METABOLISM	Y	0.016414963381323	21	0.164848713326185	0.627364348660287	0.26276391649958	0.792738542112453	0.995585812883633	MAOB, MAOA, ALDH1B1, WARS1, ACAT2, ACAT1, HADH, OGDH, HADHA, CYP1A1, CYP1A2, CYP1B1, ECHS1, ALDH9A1, KMO, WARS2, EHHADH, GCDH, ALDH7A1, INMT, HAAO	c2.cp.kegg.v7.1
KEGG_BETA_ALANINE_METABOLISM	Y	0.0100782008753315	12	-9.08012779415136	612.888917247974	-0.0148152912193672	0.988179867517718	0.995585812883633	CNDP1, SRM, ECHS1, ALDH9A1, AOC2, ALDH1B1, ABAT, EHHADH, ALDH7A1, DPYD, HADHA, SMS	c2.cp.kegg.v7.1
KEGG_TAURINE_AND_HYPOTAURINE_METABOLISM	Y	0.00207649746568548	2	-9.21846397221631	1666.22500849532	-0.00553254447941638	0.995585812883633	0.995585812883633	CDO1, ADO	c2.cp.kegg.v7.1
KEGG_SELENOAMINO_ACID_METABOLISM	Y	0.013621474259361	17	-9.31309652646283	612.973984808146	-0.0151932981778627	0.987878303902603	0.995585812883633	METTL6, AHCY, SEPHS1, METTL2B, HEMK1, PAPSS1, PAPSS2, MARS2, SCLY, AHCYL1, MAT2B, MAT1A, CBS, AHCYL2, CTH, MAT2A, MARS1	c2.cp.kegg.v7.1
KEGG_GLUTATHIONE_METABOLISM	Y	0.0156650882883299	20	-9.42189415008546	613.010672861288	-0.0153698696730806	0.987737440582852	0.995585812883633	SRM, GSTP1, SMS, MGST3, GPX7, GGCT, GSTM3, GSR, GSS, RRM1, RRM2, GSTK1, GPX1, GPX3, GPX4, GCLM, ANPEP, GSTO2, G6PD, ODC1	c2.cp.kegg.v7.1
KEGG_STARCH_AND_SUCROSE_METABOLISM	Y	0.018963054759447	25	-9.57138808485938	613.057805094899	-0.0156125376845627	0.987543848115671	0.995585812883633	GCK, ENPP1, UGT2B28, PGM2, UXS1, UGDH, MGAM, GYS1, GYS2, HK2, HK1, GUSB, PYGL, UGT1A10, PGM2L1, AGL, G6PC, UGP2, PGM1, UGT2B10, UGT2B4, GAA, GPI, UGT2B17, UGT2B15	c2.cp.kegg.v7.1
KEGG_N_GLYCAN_BIOSYNTHESIS	Y	0.0202497413333817	27	-9.62298034652668	613.073146973001	-0.0156963005051507	0.987477025093506	0.995585812883633	ALG14, MAN1B1, ALG3, B4GALT1, MGAT5, RPN2, STT3A, DAD1, DPM2, GANAB, ALG1, MGAT4A, ALG10B, MAN1A2, ALG10, ALG2, RFT1, DDOST, MAN2A2, MAN1A1, MAN2A1, ST6GAL1, B4GALT3, B4GALT2, MGAT5B, ALG9, MOGS	c2.cp.kegg.v7.1
KEGG_OTHER_GLYCAN_DEGRADATION	Y	0.00629681468007478	7	-9.38766949773035	1010.70959009645	-0.00928819671814388	0.992589402932006	0.995585812883633	GLB1, GBA, NEU4, NEU1, MAN2B2, NEU3, HEXA	c2.cp.kegg.v7.1
KEGG_O_GLYCAN_BIOSYNTHESIS	Y	0.0115594671463644	14	0.372400466913033	0.64518154073868	0.577202606396124	0.563816983038931	0.995585812883633	GALNT4, GALNT6, GCNT3, GALNT10, GALNT7, GALNT11, C1GALT1, GALNT18, GALNT12, GALNT2, GALNT3, ST3GAL2, B4GALT5, C1GALT1C1	c2.cp.kegg.v7.1
KEGG_AMINO_SUGAR_AND_NUCLEOTIDE_SUGAR_METABOLISM	Y	0.0184078573261664	24	0.0824553978552761	0.628541119426208	0.131185367682148	0.895631592607884	0.995585812883633	MPI, GCK, GFPT2, PGM2, GNPDA2, GMDS, UXS1, GNPNAT1, NANS, UGDH, CYB5R3, GFPT1, FCSK, HEXA, HK2, HK1, GNE, NAGK, UGP2, PGM1, PGM3, GNPDA1, GMPPA, GPI	c2.cp.kegg.v7.1
KEGG_GLYCOSAMINOGLYCAN_DEGRADATION	Y	0.00707806093994696	8	-9.4769700045707	1010.76361153295	-0.00937604984631145	0.992519311270143	0.995585812883633	HS3ST3A1, HPSE, GLB1, GUSB, GNS, GALNS, HS3ST3B1, HEXA	c2.cp.kegg.v7.1
KEGG_GLYCOSAMINOGLYCAN_BIOSYNTHESIS_CHONDROITIN_SULFATE	Y	0.0115188355338611	14	-9.18320063633423	612.927593110992	-0.0149825211648961	0.988046455829095	0.995585812883633	DSE, CHSY3, XYLT2, CHST14, CHSY1, CHPF2, CHST15, B4GALT7, UST, CSGALNACT2, B3GAT2, CSGALNACT1, CHST3, CHST12	c2.cp.kegg.v7.1
KEGG_GLYCOSAMINOGLYCAN_BIOSYNTHESIS_KERATAN_SULFATE	Y	0.00629681468007484	7	-9.387669497728	1010.70959009315	-0.00928819671817186	0.992589402931984	0.995585812883633	B3GNT2, CHST1, B4GALT1, ST3GAL2, B4GALT3, B4GALT2, CHST6	c2.cp.kegg.v7.1
KEGG_GLYCOSAMINOGLYCAN_BIOSYNTHESIS_HEPARAN_SULFATE	Y	0.0129813521131373	16	0.296921802965796	0.643273278826008	0.461579569273709	0.644393964708109	0.995585812883633	EXT2, EXT1, XYLT2, NDST1, GLCE, HS3ST3B1, HS2ST1, HS6ST2, HS3ST1, HS6ST1, HS3ST3A1, NDST4, B4GALT7, B3GAT2, EXTL2, EXTL3	c2.cp.kegg.v7.1
KEGG_GLYCEROLIPID_METABOLISM	Y	0.017085743507527	22	0.0950154182755676	0.649627512609916	0.146261382763543	0.883718314179782	0.995585812883633	GPAM, LIPG, DGKE, DGKD, DGKH, DGAT2, ALDH7A1, AGK, AWAT2, DGAT1, LPL, ALDH1B1, AKR1A1, DGKA, PLPP3, LIPC, LCLAT1, MGLL, GPAT4, ALDH9A1, PNPLA3, PLPP1	c2.cp.kegg.v7.1
KEGG_INOSITOL_PHOSPHATE_METABOLISM	Y	0.0241295686670041	33	0.275695960870806	0.456928777534469	0.603367470874624	0.546279408380814	0.995585812883633	PLCB1, IPMK, PLCD1, PLCB3, MIOX, TPI1, INPP4A, INPPL1, SYNJ2, PIP4K2B, PLCD3, PIKFYVE, IMPA1, IMPA2, INPP5J, SYNJ1, ITPKB, CDIPT, PLCE1, PIP5K1C, PIK3C2B, PIP4K2A, PIK3C2A, PTEN, PIP4K2C, MINPP1, IPPK, PIK3CA, PIK3CB, PIK3CD, PLCG1, PLCG2, OCRL	c2.cp.kegg.v7.1
KEGG_GLYCOSYLPHOSPHATIDYLINOSITOL_GPI_ANCHOR_BIOSYNTHESIS	Y	0.0100782008753314	12	-9.08012779415119	612.888917247945	-0.0148152912193676	0.988179867517717	0.995585812883633	PIGP, PIGW, PIGM, PIGN, PIGS, PIGF, DPM2, PIGQ, PIGO, PIGG, PIGU, PIGX	c2.cp.kegg.v7.1
KEGG_GLYCEROPHOSPHOLIPID_METABOLISM	Y	0.0272027929649107	38	0.185851006558042	0.459034356384013	0.404873848707232	0.685579830233633	0.995585812883633	PEMT, GPD1L, LPGAT1, GPAM, LPCAT1, ACHE, ETNK1, DGKE, DGKD, PCYT1A, DGKH, CHPT1, LPCAT3, PLA2G4A, PLA2G5, PLA2G4B, PTDSS2, PLA2G2F, PCYT2, CDS1, LYPLA1, CDIPT, CDS2, PLPP3, DGKA, PHOSPHO1, LCLAT1, TAZ, GPAT4, PLPP1, LYPLA2, PLA2G2C, PLA2G12A, PLD1, PISD, PCYT1B, CRLS1, GPD2	c2.cp.kegg.v7.1
KEGG_ETHER_LIPID_METABOLISM	Y	0.0136817660744218	17	0.253696950455299	0.647154352459969	0.392019229247155	0.695053255140404	0.995585812883633	PAFAH1B1, PLPP3, LPCAT1, ENPP6, CHPT1, PAFAH1B3, PAFAH2, PLA2G4A, PLA2G5, PLA2G4B, PLA2G7, PLA2G2F, PLPP1, PLA2G2C, PAFAH1B2, PLD1, PLA2G12A	c2.cp.kegg.v7.1
KEGG_ARACHIDONIC_ACID_METABOLISM	Y	0.0202497413333817	27	-9.62298034652514	613.07314697177	-0.0156963005051798	0.987477025093483	0.995585812883633	ALOX5, CYP4A11, CYP2J2, PTGIS, PTGES2, PLA2G4A, PLA2G5, PTGS2, PTGS1, PLA2G4B, PLA2G2F, CYP2C9, GPX7, CYP2C19, CBR1, CYP2B6, CBR3, CYP2U1, LTA4H, PTGES, GPX1, CYP4A22, GPX3, GPX4, CYP4F3, PLA2G2C, PLA2G12A	c2.cp.kegg.v7.1
KEGG_LINOLEIC_ACID_METABOLISM	Y	0.00934436771997868	11	-9.02196924635434	612.866431600255	-0.0147209388231577	0.988255139544496	0.995585812883633	CYP2J2, AKR1B10, CYP1A2, PLA2G4A, PLA2G5, PLA2G4B, PLA2G2F, PLA2G2C, CYP2C9, PLA2G12A, CYP2C19	c2.cp.kegg.v7.1
KEGG_ALPHA_LINOLENIC_ACID_METABOLISM	Y	0.00707806093994698	8	-9.47697000457089	1010.76361153375	-0.00937604984630424	0.992519311270149	0.995585812883633	PLA2G4A, PLA2G5, PLA2G4B, PLA2G2F, FADS2, PLA2G2C, PLA2G12A, ACOX1	c2.cp.kegg.v7.1
KEGG_SPHINGOLIPID_METABOLISM	Y	0.0202497413333816	27	-9.62298034652654	613.073146972697	-0.0156963005051583	0.9874770250935	0.995585812883633	SGPP2, GLB1, SGMS2, GBA, PLPP3, NEU1, ACER2, UGCG, ARSA, SPHK1, SGPL1, NEU3, SMPD4, SGMS1, CERK, DEGS1, SGPP1, NEU4, PLPP1, ASAH1, SMPD1, B4GALT6, SPTLC2, SPTLC1, KDSR, UGT8, ASAH2	c2.cp.kegg.v7.1
KEGG_GLYCOSPHINGOLIPID_BIOSYNTHESIS_LACTO_AND_NEOLACTO_SERIES	Y	0.0078454216095311	9	-9.55576339055307	1010.81008736299	-0.00945356947859738	0.992457464005784	0.995585812883633	B3GNT2, ST3GAL6, B4GALT1, B3GNT5, FUT4, FUT1, B3GALT5, B4GALT3, B4GALT2	c2.cp.kegg.v7.1
KEGG_GLYCOSPHINGOLIPID_BIOSYNTHESIS_GLOBO_SERIES	Y	0.00549968820114435	6	-9.28461528263414	1010.64535177379	-0.00918681836940989	0.992670285460951	0.995585812883633	A4GALT, B3GALT5, ST3GAL2, FUT1, B3GALNT1, HEXA	c2.cp.kegg.v7.1
KEGG_GLYCOSPHINGOLIPID_BIOSYNTHESIS_GANGLIO_SERIES	Y	0.00629681468007486	7	-9.3876694977278	1010.70959009317	-0.0092881967181715	0.992589402931984	0.995585812883633	ST6GALNAC3, GLB1, SLC33A1, ST3GAL2, B3GALT4, ST8SIA5, HEXA	c2.cp.kegg.v7.1
KEGG_PYRUVATE_METABOLISM	Y	0.0156776234169918	20	0.580767465830486	0.453297948584222	1.28120470795067	0.200154666117509	0.995585812883633	PDHB, PDHA1, ALDH1B1, PDHA2, ACAT2, ACAT1, LDHD, ACSS1, LDHB, ALDH9A1, ME2, MDH2, DLAT, ALDH7A1, GLO1, LDHA, ACACB, ACACA, PKLR, PKM	c2.cp.kegg.v7.1
KEGG_GLYOXYLATE_AND_DICARBOXYLATE_METABOLISM	Y	0.00468401381446794	5	-9.16277559245062	1010.56672058033	-0.00906696748057244	0.992765906004706	0.995585812883633	MTHFD2, CS, MDH2, MTHFD1L, MTHFD1	c2.cp.kegg.v7.1
KEGG_PROPANOATE_METABOLISM	Y	0.0143000482190733	18	0.644434465880574	0.452508228106196	1.42413866942843	0.154440881065563	0.995585812883633	ALDH1B1, ABAT, ACAT2, ACAT1, HADHA, ACSS1, LDHB, ECHS1, ALDH9A1, PCCB, EHHADH, PCCA, ALDH7A1, SUCLG1, LDHA, ACACB, SUCLG2, ACACA	c2.cp.kegg.v7.1
KEGG_BUTANOATE_METABOLISM	Y	0.0163347938671662	21	-9.45456941634915	613.021290384487	-0.015422905475957	0.987695130321498	0.995585812883633	PDHB, ALDH1B1, ACADS, PDHA1, ABAT, PDHA2, ACAT2, ACAT1, HADH, HADHA, HMGCL, AKR1B10, ECHS1, ALDH9A1, EHHADH, HMGCS1, ALDH7A1, ALDH5A1, BDH2, ACSM2A, L2HGDH	c2.cp.kegg.v7.1
KEGG_ONE_CARBON_POOL_BY_FOLATE	Y	0.0093443677199786	11	-9.02196924636328	612.866431600527	-0.0147209388231658	0.98825513954449	0.995585812883633	MTHFD2, TYMS, MTFMT, DHFR, SHMT1, MTHFD1L, MTHFD1, MTR, ATIC, MTHFR, SHMT2	c2.cp.kegg.v7.1
KEGG_RIBOFLAVIN_METABOLISM	Y	0.00703850163571929	8	0.817470174640076	0.586158016420007	1.39462423397844	0.163163481940537	0.995585812883633	ENPP1, ACP6, RFK, ACPP, FLAD1, MTMR6, MTMR1, ACP1	c2.cp.kegg.v7.1
KEGG_NICOTINATE_AND_NICOTINAMIDE_METABOLISM	Y	0.0108027861940908	13	-9.13364211431392	612.909189207005	-0.0149021131925453	0.988110603170629	0.995585812883633	NMNAT1, NT5C2, ENPP1, NNT, NT5M, NUDT12, NT5C1B, NAMPT, PNP, NMNAT2, NT5E, NADK, NNMT	c2.cp.kegg.v7.1
KEGG_PANTOTHENATE_AND_COA_BIOSYNTHESIS	Y	0.00858841050519246	10	0.678791795654542	0.589643338876411	1.1511904754966	0.249684356472101	0.995585812883633	PPCS, PANK3, ENPP1, VNN2, PANK1, COASY, DPYD, PANK2, BCAT1, BCAT2	c2.cp.kegg.v7.1
KEGG_FOLATE_BIOSYNTHESIS	Y	0.00549968820114436	6	-9.28461528263555	1010.6453517752	-0.00918681836939841	0.99267028546096	0.995585812883633	QDPR, DHFR, GCH1, FPGS, SPR, PTS	c2.cp.kegg.v7.1
KEGG_RETINOL_METABOLISM	Y	0.0196561302646942	26	0.491233960457668	0.429760047020144	1.14304241137297	0.253051279321979	0.995585812883633	UGT2B28, CYP4A11, DHRS3, ADH1B, ADH4, ADH5, DGAT2, RDH10, CYP2C9, AWAT2, CYP2C19, CYP2B6, CYP26B1, UGT1A10, DGAT1, LRAT, RDH11, CYP4A22, CYP1A1, CYP1A2, ALDH1A2, UGT2B10, PNPLA4, UGT2B4, UGT2B17, UGT2B15	c2.cp.kegg.v7.1
KEGG_PORPHYRIN_AND_CHLOROPHYLL_METABOLISM	Y	0.0122269587762625	15	-9.22934916829947	612.944390174522	-0.0150574005019797	0.987986719155209	0.995585812883633	COX10, UGT1A10, ALAD, CPOX, UGT2B28, HCCS, GUSB, MMAB, FECH, HMOX1, UGT2B10, UGT2B4, EARS2, UGT2B17, UGT2B15	c2.cp.kegg.v7.1
KEGG_TERPENOID_BACKBONE_BIOSYNTHESIS	Y	0.00784542160953109	9	-9.5557633905519	1010.81008736156	-0.00945356947860952	0.992457464005775	0.995585812883633	GGPS1, PDSS1, HMGCS1, MVK, ACAT2, ACAT1, MVD, HMGCR, IDI1	c2.cp.kegg.v7.1
KEGG_LIMONENE_AND_PINENE_DEGRADATION	Y	0.00703850163571923	8	0.817470174640084	0.586158016420596	1.39462423397706	0.163163481940956	0.995585812883633	NAA80, ECHS1, ALDH9A1, HADHA, ALDH1B1, EHHADH, YOD1, ALDH7A1	c2.cp.kegg.v7.1
KEGG_NITROGEN_METABOLISM	Y	0.00784542160953115	9	-9.55576339055448	1010.81008736348	-0.00945356947859416	0.992457464005787	0.995585812883633	CA5B, CA6, CA12, GLUD2, CPS1, GLUL, CA8, CA13, CTH	c2.cp.kegg.v7.1
KEGG_SULFUR_METABOLISM	Y	0.00549968820114444	6	-9.2846152826342	1010.64535177393	-0.00918681836940868	0.992670285460952	0.995585812883633	SULT1E1, PAPSS1, PAPSS2, SUOX, BPNT1, CHST12	c2.cp.kegg.v7.1
KEGG_AMINOACYL_TRNA_BIOSYNTHESIS	Y	0.0196085336516141	26	-9.59767821649523	613.06568259599	-0.0156552201321308	0.987509797554371	0.995585812883633	DARS2, RARS1, SARS1, WARS1, AARS1, FARSA, HARS1, SARS2, NARS1, LARS2, AARS2, YARS1, NARS2, IARS2, WARS2, LARS1, VARS1, MARS2, CARS1, IARS1, MTFMT, TARS1, DARS1, QARS1, EARS2, MARS1	c2.cp.kegg.v7.1
KEGG_METABOLISM_OF_XENOBIOTICS_BY_CYTOCHROME_P450	Y	0.0177486674889894	23	0.108750765386335	0.628204640835095	0.173113597571914	0.862566016160253	0.995585812883633	UGT2B28, GSTP1, ADH1B, ADH4, ADH5, MGST3, CYP2C9, CYP2C19, GSTM3, CYP2B6, UGT1A10, GSTK1, CYP1A1, CYP1A2, CYP1B1, ALDH1A3, ALDH3B1, ALDH3B2, GSTO2, UGT2B10, UGT2B4, UGT2B17, UGT2B15	c2.cp.kegg.v7.1
KEGG_DRUG_METABOLISM_CYTOCHROME_P450	Y	0.0183131342303196	24	-9.54402934062801	613.049478344475	-0.0155681224399724	0.98757928106582	0.995585812883633	UGT2B28, GSTP1, ADH1B, FMO4, ADH4, ADH5, MGST3, CYP2C9, CYP2C19, GSTM3, CYP2B6, UGT1A10, MAOB, MAOA, GSTK1, CYP1A2, ALDH1A3, ALDH3B1, ALDH3B2, GSTO2, UGT2B10, UGT2B4, UGT2B17, UGT2B15	c2.cp.kegg.v7.1
KEGG_DRUG_METABOLISM_OTHER_ENZYMES	Y	0.0156650882883299	20	-9.42189415008438	613.010672860526	-0.015369869673098	0.987737440582838	0.995585812883633	UGT2B28, UPP2, HPRT1, GUSB, IMPDH1, IMPDH2, CES2, UGT1A10, ITPA, TYMP, DPYD, UMPS, UCK2, TK1, UPP1, UGT2B10, UGT2B4, UCK1, UGT2B17, UGT2B15	c2.cp.kegg.v7.1
KEGG_BIOSYNTHESIS_OF_UNSATURATED_FATTY_ACIDS	Y	0.0122624620551128	15	0.438226064322812	0.59033261736548	0.742337542313882	0.457902155448265	0.995585812883633	ELOVL5, ELOVL6, ACOT2, YOD1, FADS1, FADS2, PECR, SCD5, SCD, ACAA1, HADHA, ACOT7, ACOX1, HSD17B12, HACD2	c2.cp.kegg.v7.1
KEGG_ABC_TRANSPORTERS	Y	0.0176829095162496	23	0.552002774422394	0.433928148026583	1.27210640040936	0.203368067996867	0.995585812883633	ABCG4, ABCC12, ABCA1, TAP1, ABCB8, ABCA10, ABCA3, ABCD3, ABCA2, ABCC6, ABCC3, ABCG2, ABCC4, ABCC5, ABCB1, ABCC1, ABCD2, ABCB6, ABCB7, ABCA8, ABCB10, ABCB5, ABCG8	c2.cp.kegg.v7.1
KEGG_RIBOSOME	Y	0.0437562360101441	67	0.0923612055220334	0.374299331005604	0.246757602461893	0.805101432293428	0.995585812883633	RPL23, RPL3, RPL31, RPL4, RPL5, RPS10, RPL34, RPS12, RPL36AL, RPS13, RPL35A, RPS15, RPL37, RPL14, RPS15A, FAU, RPSA, RPS16, RPL27, RPS17, RPL24, RPL29, RPL28, RPL27A, UBA52, RPL30, RPL36, RPS19, RPS4X, RPS5, RPS6, RPL22, RPL23A, RPL18, RPL18A, RPL19, RPL21, RPS3A, RPL10A, RPS3, RPS2, MRPL13, RPL17, RPL15, RPL36A, RPL12, RPL41, RPL10, RPL39, RPL11, RPL8, RPL9, RPL13A, RPL7A, RPS26, RPS27, RPS25, RPLP1, RPS27A, RPLP0, RPS28, RPS24, RPS9, RPS23, RPS8, RPS7, RPL7	c2.cp.kegg.v7.1
KEGG_RNA_DEGRADATION	Y	0.0259903536176149	36	-0.16964509946383	0.631578507407286	-0.268604927929302	0.788239854364437	0.995585812883633	PATL1, PNPT1, EXOSC2, XRN2, TTC37, LSM6, EDC4, CNOT2, XRN1, PARN, C1D, PAPOLA, DDX6, DCP1A, ENO1, CNOT4, CNOT7, TENT4A, HSPA9, LSM1, CNOT6L, EXOSC6, LSM7, CNOT9, LSM4, CNOT1, LSM3, DIS3, CNOT6, LSM2, DCP2, HSPD1, EXOSC10, EDC3, DCPS, PAPOLG	c2.cp.kegg.v7.1
KEGG_RNA_POLYMERASE	Y	0.0163347938671661	21	-9.454569416348	613.021290384556	-0.0154229054759534	0.9876951303215	0.995585812883633	POLR2H, POLR2E, POLR2F, POLR2I, POLR2J, POLR3D, POLR3K, POLR1B, POLR2L, POLR3H, POLR1E, POLR2J3, POLR1A, POLR2B, POLR3A, POLR3G, POLR3B, POLR2A, POLR3F, POLR2D, POLR2C	c2.cp.kegg.v7.1
KEGG_BASAL_TRANSCRIPTION_FACTORS	Y	0.0122269587762626	15	-9.22934916829993	612.944390175074	-0.0150574005019669	0.987986719155219	0.995585812883633	TBPL2, TAF1, TAF9B, GTF2A1, TAF12, TAF5L, TAF13, TAF9, GTF2H2, TAF6L, GTF2F1, GTF2E1, TAF5, GTF2I, GTF2H3	c2.cp.kegg.v7.1
KEGG_DNA_REPLICATION	Y	0.0203573352911459	27	0.00951601999417973	0.629462393610689	0.0151176942272825	0.987938618529837	0.995585812883633	DNA2, POLE3, PRIM1, PRIM2, RFC4, RFC5, RPA1, POLA1, POLD3, RNASEH2B, RPA2, PCNA, RNASEH1, MCM4, MCM3, MCM6, MCM5, POLA2, MCM7, POLD1, POLD2, RNASEH2A, POLE, RFC1, RFC3, RFC2, FEN1	c2.cp.kegg.v7.1
KEGG_SPLICEOSOME	Y	0.0532491198897243	85	0.185904036896527	0.308348583924677	0.602902191183533	0.546588895782592	0.995585812883633	EFTUD2, SF3A1, HNRNPA1L2, SF3B2, PRPF19, HNRNPA3, LSM6, DDX42, NCBP1, SF3B1, SF3B3, SRSF9, ACIN1, TXNL4A, TCERG1, U2AF2, PRPF38B, PLRG1, HSPA8, LSM7, CHERP, LSM4, EIF4A3, SF3A3, DDX46, SNU13, LSM2, SMNDC1, BCAS2, NCBP2, PRPF8, DDX39B, DDX23, CDC5L, SF3B5, SNW1, DHX15, WBP11, HNRNPU, CTNNBL1, HNRNPK, HSPA1B, RBM22, HSPA2, DHX16, PRPF38A, HNRNPC, DDX5, DHX8, HSPA6, DHX38, ISY1, SNRPE, SNRPF, SNRPD3, SYF2, CRNKL1, U2SURP, HNRNPA1, AQR, PRPF4, LSM3, SLU7, PHF5A, SRSF10, SNRPA, RBM8A, SRSF7, SNRPA1, HNRNPM, SNRPB, TRA2B, SNRPB2, SRSF5, SNRNP70, PCBP1, PPIL1, SRSF4, SRSF3, SNRPD1, THOC2, SNRPC, PPIE, SRSF2, SRSF1	c2.cp.kegg.v7.1
KEGG_PROTEASOME	Y	0.018963054759447	25	-9.57138808486008	613.057805097298	-0.0156125376845027	0.987543848115719	0.995585812883633	PSMD11, PSMD4, PSMD6, PSMD7, PSMA4, PSMA3, PSMA2, PSMF1, PSME4, PSME3, PSMB9, PSMD2, PSMD3, PSMD1, PSMC4, PSMC5, PSMB2, PSME1, PSMC3, PSMB5, SEM1, PSMC2, PSMB6, PSMA7, PSMB1	c2.cp.kegg.v7.1
KEGG_PROTEIN_EXPORT	Y	0.0129813521131372	16	0.296921802966031	0.643273278826393	0.461579569273799	0.644393964708045	0.995585812883633	SRPRA, SRP9, SRP14, SEC61B, SEC63, SRPRB, SRP19, SRP54, HSPA5, SEC61A2, OXA1L, SEC11A, SPCS1, SEC62, SPCS3, SEC61A1	c2.cp.kegg.v7.1
KEGG_PPAR_SIGNALING_PATHWAY	Y	0.0246305697400718	34	-9.10938938896799	371.714147857067	-0.0245064371143354	0.980449190561477	0.995585812883633	SLC27A4, ACADL, CYP4A11, FADS2, CYP7A1, SLC27A1, SCD, CYP8B1, ACSL6, RXRB, PDPK1, ILK, APOC3, OLR1, CPT2, ACAA1, CPT1B, ANGPTL4, SLC27A2, LPL, CPT1A, SCP2, PPARA, CYP4A22, FABP3, ACSL5, EHHADH, UBC, PPARG, PPARD, ACSL1, SCD5, ACOX1, ACSL4	c2.cp.kegg.v7.1
KEGG_BASE_EXCISION_REPAIR	Y	0.0155434771159242	20	0.852952879073123	0.361096246835677	2.36212058847921	0.0181918208845061	0.862916672529987	MPG, SMUG1, HMGB1, POLE3, MBD4, UNG, POLD3, PCNA, PARP2, APEX1, POLL, POLD1, POLD2, POLE, NEIL3, TDG, APEX2, NTHL1, FEN1, PARP1	c2.cp.kegg.v7.1
KEGG_NUCLEOTIDE_EXCISION_REPAIR	Y	0.020357335291146	27	0.00951601999416508	0.629462393611653	0.0151176942272361	0.987938618529874	0.995585812883633	ERCC4, POLE3, ERCC3, ERCC5, GTF2H5, RFC4, RFC5, RPA1, RAD23B, RBX1, POLD3, RPA2, RAD23A, PCNA, DDB1, ERCC1, POLD1, POLD2, POLE, RFC1, RFC3, RFC2, XPC, XPA, GTF2H2, ERCC8, GTF2H3	c2.cp.kegg.v7.1
KEGG_MISMATCH_REPAIR	Y	0.0135868249427325	17	0.716259864219197	0.438550956482125	1.63324205233695	0.10245295450703	0.995585812883633	MLH3, POLD1, MLH1, POLD2, RFC1, MSH2, RFC3, RFC2, MSH3, PMS2, RFC4, RFC5, RPA1, MSH6, POLD3, RPA2, PCNA	c2.cp.kegg.v7.1
KEGG_HOMOLOGOUS_RECOMBINATION	Y	0.0129783462141632	16	0.331645384814748	0.624893967029047	0.53072265426325	0.595624033682822	0.995585812883633	NBN, RAD51D, XRCC2, BLM, EME1, RPA1, RAD51, POLD3, RAD50, RPA2, MRE11, BRCA2, POLD1, POLD2, RAD54B, SEM1	c2.cp.kegg.v7.1
KEGG_NON_HOMOLOGOUS_END_JOINING	Y	0.00705434900406201	8	0.751155530697764	0.618220008449631	1.21502947240661	0.224386612126073	0.995585812883633	MRE11, POLL, POLM, FEN1, XRCC5, RAD50, XRCC6, DCLRE1C	c2.cp.kegg.v7.1
KEGG_MAPK_SIGNALING_PATHWAY	Y	0.0919529126264063	167	0.332777503348163	0.197658869146388	1.68359509889589	0.0922945036282076	0.995585812883633	JUN, MEF2C, ELK4, ELK1, JUND, MAP3K20, STMN1, RRAS2, MAP3K5, MAP3K1, MAP3K3, MAP3K4, MAP3K7, MAP3K8, AKT1, AKT2, ARRB2, ARRB1, NRAS, DUSP16, RASGRP3, NFKB2, NFKB1, MYC, MAPK14, FLNA, KRAS, FLNB, PRKX, TGFB2, DUSP1, DUSP2, TGFB1, BDNF, TAB2, TGFBR2, DUSP7, TGFBR1, DUSP5, DUSP6, DUSP3, DUSP4, PLA2G12A, MAP3K2, MAX, DUSP10, FGF9, FGF5, FGF1, FGF2, MAPK9, CACNA2D3, MAPK11, MAP2K2, PLA2G4A, MAP2K3, MECOM, PLA2G5, MAPK13, MAP2K1, FGFR2, MAP2K7, RASA2, MAPK8IP2, FGFR4, MAP2K6, MAPK8IP3, MAP3K6, CASP3, FGFR3, FGFR1, RASA1, RPS6KA3, FGF10, GRB2, FGF12, RPS6KA1, MAPKAPK3, IKBKG, HRAS, CACNG2, MKNK2, STK4, STK3, RAP1B, PPP3CB, CACNA1I, TAB1, FOS, TAOK2, CACNG8, CACNG6, PPP3R1, CACNG7, MAP2K4, ATF2, MAP4K4, RPS6KA5, BRAF, IKBKB, PLA2G4B, MAP3K11, PLA2G2F, DAXX, AKT3, MAPKAPK5, RELA, GNA12, HSPA8, LAMTOR3, MAP3K14, TAOK1, PDGFB, NLK, PDGFRA, PRKACA, PRKACB, PAK1, CRK, CDC25B, CRKL, CDC42, RASGRP1, CACNB1, SRF, CACNB2, SOS2, PRKCB, RAF1, PRKCA, TNF, PAK2, CACNA1A, HSPA1B, HSPA2, RAC3, CACNA1C, DUSP8, DUSP9, PPM1A, PPM1B, RPS6KA4, HSPA6, MAPK7, FGF19, RAC1, SOS1, MAPK1, MAP4K2, MAPK8, EGFR, MAPKAPK2, EGF, RRAS, GNG12, NTF4, IL1B, MRAS, NTF3, IL1R1, TP53, FAS, NR4A1, PLA2G2C, FASLG, NTRK2, CHP1	c2.cp.kegg.v7.1
KEGG_ERBB_SIGNALING_PATHWAY	Y	0.0442523474201913	68	0.314183568989647	0.309860571942311	1.01395142666987	0.310633091171466	0.995585812883633	JUN, SOS2, PAK3, RAF1, PRKCB, BTC, SHC1, PRKCA, ELK1, NRG1, PAK2, PAK4, MAP2K4, EIF4EBP1, MAPK9, PTK2, ERBB2, ERBB3, MAP2K2, TGFA, BRAF, MAP2K1, MAP2K7, ABL1, NRG2, AKT1, ABL2, AKT2, SHC4, RPS6KB1, AKT3, NRAS, GRB2, AREG, STAT5B, STAT5A, PAK6, SOS1, MYC, MAPK1, NRG4, HRAS, MAPK8, EGFR, GSK3B, KRAS, CBL, SHC3, CDKN1B, CDKN1A, EGF, EREG, ARAF, PIK3R3, CAMK2A, CAMK2D, CAMK2G, PAK1, CRK, PIK3CA, PIK3CB, CRKL, PIK3CD, GAB1, PLCG1, PLCG2, HBEGF, PIK3R1	c2.cp.kegg.v7.1
KEGG_CALCIUM_SIGNALING_PATHWAY	Y	0.0536740264093042	86	-0.720100318060575	0.63648270423134	-1.13137452639851	0.257927526860959	0.995585812883633	CALM2, PTGFR, F2R, CALM1, OXTR, TACR3, P2RX5, ADRB3, ATP2A3, PPP3R1, ATP2A2, ADRB1, TACR2, SPHK1, CCKBR, NTSR1, SLC8A1, ITPR3, SLC8A3, PLCD3, EDNRA, P2RX7, PHKA1, VDAC1, VDAC2, PRKX, BDKRB1, MYLK, PLCE1, CHRM3, ADCY3, LTB4R2, ADCY1, CAMK4, CAMK2A, PDGFRA, CAMK2D, CAMK2G, PRKACA, PRKACB, GNAQ, GNAS, SLC25A5, SLC25A4, ATP2B3, ATP2B4, PLCG1, PLCG2, AGTR1, ATP2B1, CALM3, TRPC1, GRM5, PLCB1, ADCY9, PLCD1, PRKCB, ADCY7, PRKCA, PLCB3, RYR3, GRM1, PPID, PDE1A, CACNA1A, GRIN2A, ERBB2, ERBB3, NOS3, GRIN2D, CACNA1C, NOS1, TNNC1, ITPKB, EGFR, ITPR1, ITPR2, HTR2C, AVPR1A, PPP3CB, PTAFR, CACNA1I, TBXA2R, MYLK3, HRH1, CHP1	c2.cp.kegg.v7.1
KEGG_CYTOKINE_CYTOKINE_RECEPTOR_INTERACTION	Y	0.0657053836145816	110	-0.458727492293109	0.456498968460031	-1.00488177189227	0.314980702746576	0.995585812883633	TNFSF13, HGF, CCL3L1, TNFSF12, CCL2, TNFSF9, TNFSF14, IL21R, CCL5, IL17RB, CCL11, CCL8, TNFSF11, FLT1, CCL20, CCL22, CCL16, CSF1R, TNFRSF13C, IL13RA1, CSF1, PRLR, TGFB2, TGFB1, IL23R, CXCL5, TGFBR2, TGFBR1, MET, OSMR, PLEKHO2, CXCL10, MPL, IFNLR1, INHBA, KITLG, CXCR4, TNFRSF11B, LEPR, GDF5, IL15, TNFRSF25, LTBR, CD40LG, IL17RA, LIF, LIFR, IL18R1, CCL3L3, TNFSF13B, PDGFC, VEGFA, VEGFC, VEGFB, NGFR, ACVRL1, PDGFB, ACVR2B, PDGFRA, ACVR2A, ACVR1B, ACVR1, TNFSF15, EPO, CXCL1, TNF, CXCR2, IL7R, CXCL8, IL12RB2, IL12A, KDR, TNFRSF12A, CCR5, CCR6, CCR7, CXCL16, EDA2R, IL10RA, IL10RB, EPOR, IL11, EGFR, CCR1, EGF, CCL1, TNFRSF10A, TNFRSF10D, IFNB1, TNFRSF10B, IFNAR1, IFNAR2, IL1RAP, IL1B, IL1R1, AMH, IL2RA, IL20RB, BMPR2, BMPR1A, IL6R, BMPR1B, IL6ST, IL7, BMP2, BMP7, TNFRSF21, FAS, FASLG, IL6	c2.cp.kegg.v7.1
KEGG_CHEMOKINE_SIGNALING_PATHWAY	Y	0.0628354521771549	104	0.0843363546233566	0.303214039357618	0.278141324860912	0.780910240908404	0.995585812883633	STAT3, STAT2, CCL3L1, CCL2, GNB4, GRK3, GRK2, CCL5, CCL11, CCL8, CCL3L3, ROCK1, PTK2, BRAF, IKBKB, AKT1, AKT2, SHC4, JAK2, GRK7, ARRB2, ARRB1, CCL20, VAV2, AKT3, NRAS, TIAM1, CCL22, STAT5B, NFKB1, GRK1, NFKBIA, CCL16, RELA, GNG7, GNG5, KRAS, SHC3, GNB2, PRKX, GNG3, GNAI1, GNG10, GNAI2, CXCL5, ADCY3, ADCY1, PXN, CSK, FOXO3, PRKACA, PRKACB, GNB5, PAK1, GNAI3, CRK, GNB1, CRKL, CDC42, SOS2, CXCL10, PLCB1, ADCY9, ADCY6, RAF1, PRKCB, ADCY7, CXCL1, SHC1, PLCB3, RHOA, CXCR4, CXCR2, CXCL8, WASL, MAP2K1, CCR5, PRKCZ, CCR6, CCR7, GRB2, CXCL16, RAC1, SOS1, MAPK1, IKBKG, HRAS, GSK3B, CCR1, GSK3A, CCL1, GNG12, ROCK2, PIK3R3, RAP1B, GRK6, PIK3CA, PIK3CB, PIK3CD, GRK4, PARD3, PIK3R1, VAV3, LYN	c2.cp.kegg.v7.1
KEGG_PHOSPHATIDYLINOSITOL_SIGNALING_SYSTEM	Y	0.0313599658686042	45	-0.351421134793307	0.654749147888847	-0.53672637211735	0.591469856565262	0.995585812883633	CALM2, PLCB1, PLCD1, PRKCB, PRKCA, PLCB3, CALM1, DGKE, DGKD, INPP4A, INPPL1, DGKH, SYNJ2, PIP4K2B, ITPR3, PLCD3, PIKFYVE, IMPA1, IMPA2, INPP5J, CDS1, SYNJ1, ITPKB, CDIPT, ITPR1, ITPR2, CDS2, DGKA, PLCE1, PIP5K1C, PIK3C2B, PIP4K2A, PIK3C2A, PTEN, PIK3R3, PIP4K2C, IPPK, PIK3CA, PIK3CB, PIK3CD, PLCG1, PLCG2, CALM3, PIK3R1, OCRL	c2.cp.kegg.v7.1
KEGG_NEUROACTIVE_LIGAND_RECEPTOR_INTERACTION	Y	0.0542715038039092	87	-0.270379446355173	0.441305645151238	-0.612680688148713	0.540102919481704	0.995585812883633	PTGFR, PTGER4, CALCRL, TACR3, ADRB3, HRH4, ADRB1, ADRA2B, TACR2, GPR35, THRB, THRA, PTH2R, PTH1R, RXFP1, DRD4, SSTR2, SSTR3, SSTR1, PRLR, BDKRB1, NPBWR1, NMUR1, GABRQ, AGTR1, AGTR2, ADCYAP1R1, GRIK3, GRID1, S1PR5, MC2R, GRIA3, TRPV1, GRIA2, GRIA1, LEPR, GABRG1, GABRB3, GABRB2, GABRB1, FPR3, FPR2, FPR1, HTR2C, OPRL1, OPRK1, AVPR1A, GABBR1, PTAFR, ADORA3, HRH1, F2, F2R, GLRA2, OXTR, GLP2R, GPR50, P2RX5, NPY4R, F2RL1, CCKBR, F2RL2, NTSR1, S1PR1, LPAR1, EDNRA, P2RX7, CHRM3, LTB4R2, CALCR, GNRHR, GABBR2, LPAR2, GPR156, GRM5, GRM3, GRM1, F2RL3, GRIN2A, GRIN2D, NR3C1, S1PR2, CHRNB1, NPFFR1, GLRA3, TBXA2R, PARD3	c2.cp.kegg.v7.1
KEGG_CELL_CYCLE	Y	0.0587333567171528	96	0.408878580690334	0.242463795691043	1.68634900532261	0.0917631340604309	0.995585812883633	CDC7, ANAPC1, CREBBP, MDM2, ABL1, ATM, ATR, ANAPC7, RBL2, ANAPC5, RBL1, MYC, CDC14B, SMC1A, CDC14A, SKP1, TGFB2, TGFB1, STAG1, PLK1, RBX1, STAG2, MCM4, ORC6, CCND1, MCM3, MCM6, MCM5, YWHAB, CCNA2, MCM7, BUB1, CHEK1, PTTG1, CDC27, CDC25B, CDC25C, CDC25A, CDC6, CDC20, YWHAZ, CCND2, YWHAH, CCNB1, YWHAE, CCNE1, CCND3, SFN, E2F1, TFDP1, CDK1, ESPL1, ANAPC10, RAD21, BUB1B, RB1, SKP2, CUL1, SMAD3, SMAD4, TFDP2, MAD2L1, ANAPC4, SMAD2, YWHAQ, CHEK2, EP300, GSK3B, CDKN2A, CDKN1B, CDKN1A, CDKN2D, CCNA1, FZR1, SMC3, ANAPC13, PCNA, TTK, PKMYT1, CDK2, E2F5, CDK4, WEE1, E2F4, E2F3, TP53, E2F2, ORC1, CCNE2, CDK6, ORC4, CCNB2, MAD2L2, ORC5, HDAC1, HDAC2	c2.cp.kegg.v7.1
KEGG_OOCYTE_MEIOSIS	Y	0.0479717580238092	75	0.358012748548579	0.285261533611308	1.25503338643758	0.209499111948922	0.995585812883633	CALM2, CALM1, IGF1, SLK, PPP3R1, IGF1R, ANAPC1, ITPR3, ANAPC7, ANAPC5, SMC1A, BTRC, PRKX, SKP1, ADCY3, PLK1, ADCY1, RBX1, PGR, YWHAB, CAMK2A, BUB1, CAMK2D, CAMK2G, PRKACA, PRKACB, FBXO5, SGO1, PTTG1, CDC27, CDC25C, CDC20, YWHAZ, YWHAH, CALM3, CCNB1, YWHAE, CCNE1, ADCY9, ADCY6, ADCY7, CDK1, ESPL1, ANAPC10, MAP2K1, RPS6KA3, CUL1, PPP1CC, PPP1CB, PPP1CA, CPEB1, MAD2L1, ANAPC4, MAPK1, RPS6KA1, YWHAQ, ITPR1, ITPR2, AURKA, SMC3, PPP2CA, PPP2R1A, AR, PPP2R1B, ANAPC13, PKMYT1, CDK2, PPP3CB, CCNE2, CCNB2, PPP2R5E, MAD2L2, PPP2R5D, PPP2R5C, CHP1	c2.cp.kegg.v7.1
KEGG_P53_SIGNALING_PATHWAY	Y	0.0340954163220202	50	0.605807961433564	0.283406879013393	2.13759088538192	0.0325767323854849	0.995585812883633	CASP9, CASP8, SFN, IGF1, CDK1, ZMAT3, IGFBP3, TP73, SERPINB5, PPM1D, BID, MDM4, BAX, MDM2, CASP3, PMAIP1, PERP, EI24, SESN2, ATM, ATR, SESN3, CHEK2, APAF1, CDKN2A, RRM2, CDKN1A, BBC3, TNFRSF10B, CCND1, PTEN, CDK2, CHEK1, SESN1, CDK4, SERPINE1, TP53, CCNE2, FAS, CDK6, CYCS, STEAP3, CCNB2, CCND2, SHISA5, CCNB1, CCNG1, CCNE1, THBS1, CCND3	c2.cp.kegg.v7.1
KEGG_UBIQUITIN_MEDIATED_PROTEOLYSIS	Y	0.0557900140505761	90	-0.349638455686577	0.462337933198818	-0.756240036951981	0.449525015749549	0.995585812883633	PIAS3, UBA6, HERC1, XIAP, PML, HERC2, PRPF19, ANAPC1, UBE2S, UBE2M, UBE2Q2, MAP3K1, UBE4A, BRCA1, MDM2, UBE2K, UBE2D4, UBOX5, UBR5, UBE2R2, TRIM37, FBXW8, UBE2E3, ANAPC7, ANAPC5, PIAS1, STUB1, UBE2G2, BTRC, UBE2G1, UBE2I, SOCS1, UBE2H, SKP1, UBE2L3, UBE2N, UBE4B, MGRN1, RBX1, NEDD4L, DDB1, BIRC2, UBE2Z, VHL, UBA1, PIAS4, AIRE, FBXO4, UBE2A, CDC27, HUWE1, CDC34, UBE2D1, UBA3, UBE2D2, CDC20, UBE2D3, ITCH, UBE2Q1, ANAPC10, UBE2W, WWP1, ELOC, UBE3C, ELOB, SAE1, RHOBTB2, CUL5, KEAP1, SYVN1, SKP2, PIAS2, CUL1, FBXW7, CUL2, CUL3, UBE3B, ANAPC4, SMURF2, CBL, NEDD4, TRIM32, FZR1, TRIP12, UBE2F, ANAPC13, WWP2, BIRC6, ERCC8, MID1	c2.cp.kegg.v7.1
KEGG_SNARE_INTERACTIONS_IN_VESICULAR_TRANSPORT	Y	0.0169992136277119	22	-9.48573024585411	613.031285910386	-0.0154734847370265	0.987654779842597	0.995585812883633	STX12, STX2, GOSR2, SNAP29, STX7, STX6, STX1A, STX16, VAMP3, STX3, STX10, SNAP47, VAMP8, YKT6, SNAP23, STX18, GOSR1, SNAP25, STX4, VTI1A, STX1B, STX17	c2.cp.kegg.v7.1
KEGG_REGULATION_OF_AUTOPHAGY	Y	0.0122624620551128	15	0.438226064322682	0.590332617366706	0.742337542312121	0.457902155449332	0.995585812883633	ATG4A, AC091230.1, BECN1, GABARAPL1, ATG12, ATG4B, PRKAA2, PRKAA1, GABARAPL2, ULK1, PIK3R4, ATG7, ULK2, ATG4C, GABARAP	c2.cp.kegg.v7.1
KEGG_LYSOSOME	Y	0.0404612821802871	61	0.198229461440302	0.359516527059353	0.551377882573882	0.581388298857841	0.995585812883633	GGA1, SLC11A1, MFSD8, IGF2R, ATP6V0A1, LGMN, CTSS, LAMP2, ATP6AP1, LAPTM5, AP1S3, SLC11A2, GNPTAB, SMPD1, CTSH, AP1G1, LAPTM4A, GM2A, LAMP1, GGA2, AP3M1, GBA, AP3D1, CD164, ABCA2, AP3M2, ATP6V0D2, ARSA, CTSB, GNS, DNASE2, SORT1, ASAH1, GALNS, PSAPL1, NEU1, M6PR, GUSB, AP3S2, GGA3, ATP6V0A2, NPC2, ENTPD4, AP1M2, GLB1, PSAP, CTNS, LIPA, AP1S2, SUMF1, AP1S1, HEXA, NPC1, SLC17A5, SCARB2, CLN5, CTSA, TPP1, CLTA, CLTC, GAA	c2.cp.kegg.v7.1
KEGG_ENDOCYTOSIS	Y	0.0753172521879558	130	0.0189077560487204	0.28639950000701	0.0660188165421296	0.947364305868716	0.995585812883633	F2R, IQSEC1, IQSEC3, GRK3, GRK2, ADRB3, STAMBP, ADRB1, IGF1R, HGS, VPS37C, MVB12B, PIP4K2B, SMAP2, HLA-G, FLT1, STAM, MDM2, PIKFYVE, VPS37D, VPS28, CHMP2B, MVB12A, RAB11FIP1, ARRB2, GRK7, ARRB1, AP2B1, AP2A1, EEA1, GRK1, CSF1R, SH3GLB1, VPS4A, DNM2, HSPA8, VPS36, PARD6B, RAB31, RAB11A, PDCD6IP, LDLR, PIP5K1C, NEDD4L, ARAP2, IQSEC2, HLA-F, MET, HLA-E, ASAP2, RAB11B, RAB11FIP5, RBSN, PDGFRA, AGAP1, DNM3, CHMP4B, ACAP2, RAB22A, EHD1, PLD1, ITCH, CDC42, VTA1, RNF41, DNAJC6, ARF6, CHMP1B, USP8, PSD4, WWP1, HLA-C, CXCR4, HLA-B, CXCR2, TSG101, HLA-A, HSPA1B, ERBB3, HSPA2, RAB11FIP4, SH3GL1, DNM1L, TFRC, RAB11FIP2, FGFR2, KDR, FGFR4, GIT2, FGFR3, LDLRAP1, RET, CCR5, PRKCZ, PSD3, HSPA6, RAB5C, DAB2, SMURF2, HRAS, CHMP3, VPS37A, EGFR, VPS37B, CBL, PSD, NEDD4, EGF, ARFGAP2, RAB5B, RAB4A, EHD4, AP2S1, EHD2, IL2RA, EHD3, AP2M1, SNF8, VPS4B, CHMP2A, GRK6, RABEP1, VPS45, RAB11FIP3, CLTA, CLTC, GRK4, PARD3, ASAP1, EPN1	c2.cp.kegg.v7.1
KEGG_PEROXISOME	Y	0.0283498380308295	40	0.442378089162826	0.362836493291221	1.21922159799886	0.222791935970848	0.995585812883633	MVK, NUDT19, PEX16, FAR2, PRDX5, HMGCL, ACSL6, SOD1, SOD2, MPV17L, HSD17B4, PAOX, PEX5, ACAA1, SLC27A2, FAR1, DAO, SCP2, GSTK1, NUDT12, ABCD3, PEX11B, ECH1, PEX2, PEX26, PEX6, PXMP4, ABCD2, PEX7, ACSL5, PEX13, EHHADH, PEX14, PECR, ACSL1, PEX11A, ACOX1, ECI2, CROT, ACSL4	c2.cp.kegg.v7.1
KEGG_MTOR_SIGNALING_PATHWAY	Y	0.026509632225288	37	0.525694151648116	0.352566445286086	1.49104986783852	0.135983325029824	0.995585812883633	IGF1, EIF4B, EIF4E, EIF4EBP1, RICTOR, PGF, ULK1, RHEB, BRAF, HIF1A, PDPK1, AKT1, AKT2, RPS6KA3, RPS6KB1, MLST8, AKT3, TSC1, ULK2, CAB39, CAB39L, RPS6, MAPK1, RPS6KA1, AC091230.1, STK11, VEGFA, PRKAA2, VEGFC, PRKAA1, VEGFB, PIK3R3, DDIT4, PIK3CA, PIK3CB, PIK3CD, PIK3R1	c2.cp.kegg.v7.1
KEGG_APOPTOSIS	Y	0.0376898337105055	56	-0.0515312159239646	0.460206043959774	-0.111974226762804	0.910846330361553	0.995585812883633	CASP9, CASP8, CASP7, TNF, XIAP, PPP3R1, MYD88, AC093012.1, BID, BAX, IKBKB, CASP6, AKT1, CASP3, AKT2, AKT3, ATM, NFKB1, NFKBIA, IKBKG, CAPN1, RELA, ENDOD1, APAF1, PRKX, TNFRSF10A, TNFRSF10D, TNFRSF10B, MAP3K14, IL1RAP, IL1B, IRAK2, IL1R1, IRAK1, TRADD, PIK3R3, BCL2, BCL2L1, BIRC2, IRAK3, PRKACA, PRKACB, PPP3CB, TP53, PIK3CA, PIK3CB, FAS, DFFA, CYCS, DFFB, PIK3CD, PRKAR1A, FASLG, PRKAR2A, PIK3R1, CHP1	c2.cp.kegg.v7.1
KEGG_CARDIAC_MUSCLE_CONTRACTION	Y	0.0272024613760501	38	-0.238964380992982	0.650411485305926	-0.367404921948117	0.713325608966799	0.995585812883633	CACNB1, COX8A, CACNB2, COX7C, CACNG8, CACNG6, ATP2A2, CACNG7, TPM1, ATP1B3, ATP1B1, MT-CO2, COX7B, MT-CO1, MT-CO3, CACNA2D3, COX6B1, SLC8A1, SLC9A1, CACNA1C, COX4I1, ATP1A1, TNNC1, ATP1A2, UQCRB, SLC9A6, TPM4, ACTC1, COX6A1, UQCRFS1, UQCRC2, TPM3, CACNG2, UQCR11, UQCRQ, COX7A2L, COX5A, ATP1B4	c2.cp.kegg.v7.1
KEGG_VASCULAR_SMOOTH_MUSCLE_CONTRACTION	Y	0.0413261802304654	63	-9.5235134294894	371.777769415773	-0.0256161454851242	0.979564073969606	0.995585812883633	CALM2, CALD1, CALM1, CYP4A11, CALCRL, PPP1R14A, ROCK1, BRAF, ITPR3, PLA2G4B, PLA2G2F, EDNRA, GNA12, GNA13, PRKX, GUCY1A2, MYLK, ADCY3, MYL6, ADCY1, PRKACA, GNAQ, PRKACB, GNAS, PLA2G12A, AGTR1, MYH11, CALM3, PLCB1, ADCY9, PPP1R12B, ADCY6, ADCY7, PRKCB, RAF1, PLCB3, PRKCA, KCNMB1, RHOA, PPP1R12A, PRKCE, MAP2K2, PLA2G4A, PLA2G5, MAP2K1, CACNA1C, ARHGEF12, PPP1CC, PPP1CA, PPP1CB, MAPK1, ACTA2, ITPR1, ITPR2, ARAF, CYP4A22, AVPR1A, ROCK2, NPR1, KCNMB4, PLA2G2C, ARHGEF1, MYLK3	c2.cp.kegg.v7.1
KEGG_WNT_SIGNALING_PATHWAY	Y	0.0613495545546757	101	-0.119634298670882	0.362840238748465	-0.32971618330848	0.741622070574709	0.995585812883633	JUN, LRP6, SFRP1, VANGL1, PPP3R1, FZD1, FZD4, FZD6, FZD7, SENP2, CREBBP, FZD9, PRICKLE1, CTBP2, ROCK1, CTBP1, WNT9B, WNT9A, CTNNBIP1, DAAM2, TBL1XR1, MMP7, MAP3K7, VANGL2, WNT2B, WNT10B, AXIN1, NFAT5, MYC, CSNK2A1, CSNK1A1, NFATC3, CSNK1E, BTRC, PRKX, SKP1, RBX1, WNT5B, CCND1, CAMK2A, NLK, CAMK2D, CAMK2G, PRKACA, APC, PRKACB, WNT16, DAAM1, CHD8, CCND2, NFATC1, CCND3, PLCB1, PRKCB, PLCB3, PRKCA, PRICKLE2, PORCN, RHOA, FRAT2, MAPK9, DVL3, DVL2, RAC3, DKK1, DVL1, FOSL1, CUL1, WNT10A, WNT4, SMAD3, TCF7, SMAD4, RAC1, TCF7L2, SMAD2, WNT1, MAPK8, EP300, WNT7A, GSK3B, WNT7B, WNT3, WNT5A, CTNNB1, PPP2CA, PPP2R1A, TBL1X, PPP2R1B, ROCK2, NKD1, FZD5, TCF7L1, PPARD, PPP3CB, TP53, PPP2R5E, PPP2R5D, PPP2R5C, SFRP5, CHP1	c2.cp.kegg.v7.1
KEGG_DORSO_VENTRAL_AXIS_FORMATION	Y	0.0129276842900922	16	-9.27252779222151	612.959794608209	-0.0151274649231249	0.987930823749711	0.995585812883633	SOS2, NOTCH2, EGFR, NOTCH1, KRAS, ETV7, ETV6, PIWIL2, MAP2K1, GRB2, SPIRE2, CPEB1, ETS1, SOS1, PIWIL4, MAPK1	c2.cp.kegg.v7.1
KEGG_NOTCH_SIGNALING_PATHWAY	Y	0.0228655166467067	31	0.370391542166729	0.435681995057615	0.85014195300347	0.395268704333739	0.995585812883633	DTX3L, NOTCH2, EP300, HES1, NOTCH1, NUMB, SNW1, APH1A, KAT2A, ADAM17, RBPJ, CREBBP, MAML1, CTBP2, NCOR2, CTBP1, DVL3, JAG2, DVL2, NUMBL, KAT2B, DLL4, PSENEN, DVL1, JAG1, MAML3, HDAC1, HDAC2, NCSTN, DTX4, RBPJL	c2.cp.kegg.v7.1
KEGG_HEDGEHOG_SIGNALING_PATHWAY	Y	0.0265990058771884	37	-0.186781162616763	0.631767357719444	-0.295648643973956	0.767505217193543	0.995585812883633	HHIP, GAS1, WNT9B, WNT9A, CSNK1G1, WNT2B, WNT10B, SMO, WNT10A, WNT4, SHH, WNT1, CSNK1D, RAB23, CSNK1A1, CSNK1G2, CSNK1E, BMP8A, GSK3B, WNT7A, BTRC, WNT7B, WNT3, PRKX, WNT5A, STK36, WNT5B, GLI1, PRKACA, PRKACB, SUFU, BMP2, BMP7, GLI3, BMP8B, WNT16, BMP6	c2.cp.kegg.v7.1
KEGG_TGF_BETA_SIGNALING_PATHWAY	Y	0.0410268283010045	62	-0.0631758390328995	0.441621203137144	-0.143054361031847	0.886250439883675	0.995585812883633	TFDP1, NOG, TNF, INHBA, RHOA, CREBBP, ROCK1, ID1, ID2, RPS6KB1, CUL1, ID4, SMAD3, RBL2, SMAD4, RBL1, NODAL, MYC, SMAD2, MAPK1, SMURF2, EP300, BMP8A, GDF5, SKP1, TGFB2, TGFB1, PPP2CA, PPP2R1A, ID3, SMAD5, RBX1, PPP2R1B, TGFBR2, LTBP1, LEFTY1, AMH, TGFBR1, SMAD9, LEFTY2, SMAD7, ROCK2, SMAD6, BMPR2, BMPR1A, BMPR1B, ACVRL1, ACVR2B, ACVR2A, ACVR1, E2F5, BMP2, ACVR1C, E2F4, SP1, BMP7, BMP8B, ZFYVE9, BMP6, ZFYVE16, THBS2, THBS1	c2.cp.kegg.v7.1
KEGG_AXON_GUIDANCE	Y	0.0485671110741761	76	0.116299053460147	0.344875353681496	0.337220541330863	0.7359584893588	0.995585812883633	UNC5B, PLXNB2, PPP3R1, PAK4, SEMA4C, ROCK1, PTK2, ROBO1, PLXNA1, ABL1, PLXNA2, PLXNB1, ITGB1, NRAS, ROBO3, NFAT5, PAK6, PLXNA3, SEMA6A, NFATC3, KRAS, L1CAM, CFL2, CFL1, GNAI1, GNAI2, MET, SLIT1, SLIT3, NTN1, PAK1, GNAI3, SEMA5A, NFATC1, DCC, CDC42, UNC5D, PAK3, EPHB4, SEMA4D, SEMA4B, PAK2, SEMA4F, RHOA, CXCR4, EPHB2, EFNA3, EFNB1, EFNA5, RAC3, EFNB2, ARHGEF12, SRGAP1, RASA1, EFNA1, DPYSL5, NRP1, RAC1, MAPK1, HRAS, GSK3B, SEMA3E, DPYSL2, LIMK1, ABLIM1, ROCK2, SEMA7A, EPHA7, EPHA2, EPHA4, SEMA4G, PPP3CB, FES, FYN, EPHA6, CHP1	c2.cp.kegg.v7.1
KEGG_VEGF_SIGNALING_PATHWAY	Y	0.032528292984281	47	-0.336920480984674	0.633315508746287	-0.53199467932128	0.594742765556088	0.995585812883633	CASP9, RAF1, PRKCB, PRKCA, PPP3R1, SPHK1, PTK2, NOS3, MAPK11, MAP2K2, RAC3, PLA2G4A, PTGS2, PLA2G5, MAPK13, MAP2K1, KDR, PLA2G4B, AKT1, PLA2G2F, AKT2, NRAS, AKT3, NFAT5, RAC1, MAPK1, MAPKAPK3, HRAS, MAPK14, NFATC3, MAPKAPK2, KRAS, VEGFA, PXN, PIK3R3, PPP3CB, PIK3CA, PIK3CB, PIK3CD, PLA2G2C, PLCG1, PLCG2, PLA2G12A, NFATC1, PIK3R1, CDC42, CHP1	c2.cp.kegg.v7.1
KEGG_FOCAL_ADHESION	Y	0.0756766995931433	131	-0.533154374637508	0.444048342853472	-1.20066741204671	0.229911727704338	0.995585812883633	JUN, ELK1, HGF, PARVA, FN1, IGF1, XIAP, IGF1R, DIAPH1, ITGA11, PGF, ROCK1, PTK2, FLT1, AKT1, AKT2, LAMC2, LAMB3, LAMC1, LAMA4, LAMA5, LAMB1, PAK6, FLNA, FLNB, MYLK, PIP5K1C, MET, BIRC2, LAMC3, THBS2, THBS1, ZYX, PDGFD, PPP1R12A, ACTN4, MAPK9, MAP2K1, ILK, RAPGEF1, GRB2, PPP1CC, PPP1CB, ACTG1, HRAS, CTNNB1, ACTB, ROCK2, PTEN, PIK3R3, RAP1B, TNC, CAV1, COL5A3, TLN1, VAV3, COL6A2, COL5A2, COL6A1, LAMA1, PAK4, ITGA3, ITGA5, COL5A1, COL3A1, COL4A1, PARVB, COL4A2, BRAF, COL4A4, PDPK1, ITGB3, ITGB4, VASP, ITGB5, SHC4, ITGAV, ITGB1, AKT3, VAV2, COL1A1, COL1A2, TLN2, PDGFC, VCL, SHC3, VEGFA, VEGFC, ITGB8, VEGFB, PXN, CCND1, BCL2, PDGFB, PDGFRA, PAK1, CRK, CRKL, CCND2, CDC42, CCND3, SOS2, PAK3, PRKCB, RAF1, PRKCA, SHC1, PAK2, RHOA, ERBB2, RAC3, KDR, PPP1CA, ARHGAP35, RAC1, SOS1, MAPK1, MAPK8, EGFR, GSK3B, TNR, EGF, LAMA2, ITGA2, ITGA1, PIK3CA, PIK3CB, PIK3CD, MYLK3, FYN, PIK3R1	c2.cp.kegg.v7.1
KEGG_ECM_RECEPTOR_INTERACTION	Y	0.0325249035560001	47	-0.372568697741438	0.651727188508492	-0.571663579962159	0.567564138171536	0.995585812883633	COL6A2, COL5A2, COL6A1, LAMA1, HSPG2, FN1, GP5, ITGA3, ITGA5, COL5A1, ITGA11, COL3A1, COL4A1, COL4A2, COL4A4, ITGB3, ITGB4, ITGB5, LAMC2, ITGAV, ITGB1, LAMB3, LAMC1, COL1A1, LAMA4, LAMA5, LAMB1, COL1A2, TNR, CD47, SV2A, CD44, DAG1, LAMA2, SDC3, ITGB8, ITGA2, ITGA1, TNC, LAMC3, HMMR, SDC2, SDC4, COL5A3, THBS2, SDC1, THBS1	c2.cp.kegg.v7.1
KEGG_CELL_ADHESION_MOLECULES_CAMS	Y	0.0399138924076687	60	0.158711949472137	0.374400604235026	0.423909437316259	0.671641956451981	0.995585812883633	CDH5, CD86, CD28, CD274, CD34, CD276, ICOSLG, CADM1, HLA-G, VCAM1, ITGAV, SPN, ITGB1, SELPLG, CDH2, CTLA4, CD4, HLA-DRB5, NLGN2, NRXN3, ALCAM, L1CAM, ITGB8, MAG, VCAN, HLA-F, NFASC, HLA-E, CLDN16, SDC2, SDC4, SDC1, OCLN, PVR, CDH1, HLA-DRA, NECTIN1, HLA-DOA, ICAM2, ICAM3, CLDN1, ICAM1, HLA-C, HLA-B, HLA-A, F11R, PTPRF, CD226, CD99, CNTNAP2, MPZ, MPZL1, NECTIN3, NCAM1, NEGR1, SDC3, CLDN4, CD40LG, GLG1, NLGN4X	c2.cp.kegg.v7.1
KEGG_ADHERENS_JUNCTION	Y	0.0357838713626007	53	-9.40728074692194	371.763124444269	-0.025304502056207	0.979812641980119	0.995585812883633	AFDN, SNAI2, IGF1R, RHOA, CREBBP, ACTN4, PTPN6, SNAI1, ERBB2, WASF2, PTPRJ, WASL, RAC3, PTPRF, WASF1, MAP3K7, FGFR1, IQGAP1, SMAD3, TCF7, SMAD4, ACTG1, WASF3, PTPRB, RAC1, TCF7L2, SMAD2, MAPK1, CSNK2A1, NECTIN3, EP300, EGFR, VCL, CTNNB1, CTNND1, TGFBR2, TGFBR1, ACTB, TJP1, MET, SSX2IP, NLK, TCF7L1, YES1, FER, CTNNA3, FYN, ACP1, PTPN1, PARD3, CDC42, CDH1, NECTIN1	c2.cp.kegg.v7.1
KEGG_TIGHT_JUNCTION	Y	0.0453724140114118	70	-0.136502326036663	0.441285941356852	-0.309328517507151	0.757078775534388	0.995585812883633	PATJ, AFDN, YBX3, PPP2R2D, MPP5, TJP3, MAP3K20, EPB41L3, MYH14, RRAS2, CTTN, MYH15, AKT1, AKT2, AKT3, NRAS, CSNK2A1, LLGL1, LLGL2, KRAS, PARD6B, MAGI1, GNAI1, GNAI2, SYMPK, ASH1L, YES1, MAGI3, GNAI3, CLDN16, MYH2, MYH9, MYH11, MYH10, OCLN, CDC42, PRKCB, PRKCA, CASK, CGN, TJP2, CLDN1, RHOA, ACTN4, F11R, PRKCE, PRKCZ, ACTG1, RAB13, HRAS, TJAP1, PPP2R2A, CTNNB1, RRAS, PPP2CA, PPP2R1A, PPP2R1B, MRAS, CLDN4, RAB3B, ACTB, TJP1, PTEN, MYH7B, CDK4, AMOTL1, CTNNA3, EPB41L1, EPB41, PARD3	c2.cp.kegg.v7.1
KEGG_GAP_JUNCTION	Y	0.0404397332508452	61	-0.43209487446654	0.600566222867795	-0.719479148199878	0.47186436076575	0.995585812883633	GRM5, SOS2, PLCB1, ADCY9, ADCY6, TUBA1A, RAF1, PRKCB, ADCY7, PRKCA, PLCB3, GRM1, CDK1, PDGFD, TUBB4A, ADRB1, TUBB4B, TUBB3, TUBB2A, MAP2K2, ITPR3, MAP2K1, LPAR1, TUBA1B, NRAS, GRB2, MAPK7, SOS1, PRKG2, MAPK1, TUBA3D, HRAS, GJD2, CSNK1D, EGFR, TUBB2B, ITPR1, ITPR2, PDGFC, KRAS, EGF, PRKX, GJA1, GNAI1, GNAI2, GUCY1A2, HTR2C, ADCY3, ADCY1, TUBA1C, TJP1, PDGFB, PDGFRA, PRKACA, PRKACB, GNAQ, GNAS, GNAI3, TUBB6, TUBB, MAP3K2	c2.cp.kegg.v7.1
KEGG_COMPLEMENT_AND_COAGULATION_CASCADES	Y	0.0184084793663576	24	0.0473502701510503	0.647033764053364	0.0731805243893657	0.941664084588762	0.995585812883633	F2, F2R, FGB, PLAT, MBL2, F3, SERPINA1, PLAUR, PLAU, F9, TFPI, C8A, F13B, C7, CD59, CD55, C6, BDKRB1, C4BPB, CD46, SERPINE1, SERPINC1, C3, THBD	c2.cp.kegg.v7.1
KEGG_ANTIGEN_PROCESSING_AND_PRESENTATION	Y	0.0265966875720171	37	-0.228470090491745	0.653521661009187	-0.349598344053256	0.726648304601975	0.995585812883633	HLA-DOA, KLRC3, KLRD1, RFXAP, LGMN, PSME3, CTSS, HLA-C, HLA-B, HLA-A, HSPA1B, HSPA2, HLA-G, RFXANK, CREB1, HSPA5, HSPA4, CIITA, HSPA6, CD4, HLA-DRB5, TAPBP, TAP1, HSPA8, CANX, HSP90AA1, NFYA, NFYB, HLA-F, CTSB, HLA-E, CALR, PDIA3, PSME1, HSP90AB1, B2M, HLA-DRA	c2.cp.kegg.v7.1
KEGG_RENIN_ANGIOTENSIN_SYSTEM	Y	0.00629681468007482	7	-9.38766949772945	1010.70959009584	-0.00928819671814853	0.992589402932002	0.995585812883633	LNPEP, ANPEP, CTSA, THOP1, AGTR1, AGTR2, ENPEP	c2.cp.kegg.v7.1
KEGG_TOLL_LIKE_RECEPTOR_SIGNALING_PATHWAY	Y	0.0398790930967232	60	-0.491111087356542	0.634715075540012	-0.773750468962325	0.439098619373586	0.995585812883633	JUN, CD86, MYD88, CCL5, MAP2K4, LBP, TLR6, IKBKB, MAP3K8, MAP3K7, AKT1, AKT2, AKT3, IKBKE, NFKB1, NFKBIA, TLR5, TIRAP, MAPK14, RELA, TOLLIP, TAB2, TLR7, CXCL10, CASP8, TNF, AC093012.1, CXCL8, MAPK9, MAPK11, MAP2K2, MAP2K3, IL12A, MAPK13, MAP2K1, MAP2K7, MAP2K6, RAC1, MAPK1, IKBKG, MAPK8, IFNB1, IFNAR1, IFNAR2, TICAM2, IL1B, IRAK1, PIK3R3, TBK1, PIK3CA, PIK3CB, PIK3CD, TLR3, TLR4, TAB1, FOS, TLR2, IRF5, IL6, PIK3R1	c2.cp.kegg.v7.1
KEGG_NOD_LIKE_RECEPTOR_SIGNALING_PATHWAY	Y	0.0264568319341555	37	-9.16606749014035	371.724609216373	-0.0246582207980881	0.980328124644924	0.995585812883633	CASP8, CXCL1, TNF, CCL2, XIAP, CCL5, CARD6, CCL11, CCL8, CARD8, CXCL8, MAPK9, MAPK11, ERBIN, MAPK13, CASP5, IKBKB, NOD2, MAP3K7, TNFAIP3, SUGT1, NFKB1, NFKBIA, MAPK1, IKBKG, MAPK8, MAPK14, RELA, HSP90AA1, PYCARD, TAB2, IL1B, HSP90B1, BIRC2, HSP90AB1, TAB1, IL6	c2.cp.kegg.v7.1
KEGG_RIG_I_LIKE_RECEPTOR_SIGNALING_PATHWAY	Y	0.024763442661545	34	-0.133936762027161	0.631177002409361	-0.212201587693929	0.831954556530655	0.995585812883633	CASP8, CXCL10, TRIM25, TNF, ATG12, SIKE1, CXCL8, MAPK9, MAPK11, MAP3K1, IL12A, MAPK13, IKBKB, MAP3K7, OTUD5, DDX3X, IKBKE, NFKB1, NFKBIA, IKBKG, MAPK8, MAPK14, RELA, DDX3Y, IFNB1, TANK, CYLD, TRADD, PIN1, MAVS, TBK1, AZI2, NLRX1, RNF125	c2.cp.kegg.v7.1
KEGG_CYTOSOLIC_DNA_SENSING_PATHWAY	Y	0.0170844486789359	22	0.136180598221772	0.627853025618434	0.21689884840108	0.82829207396613	0.995585812883633	CXCL10, CCL5, POLR3K, IKBKB, POLR3H, IKBKE, POLR3G, POLR3B, POLR3F, NFKB1, NFKBIA, IKBKG, RELA, POLR3D, IFNB1, PYCARD, IL1B, ADAR, MAVS, TBK1, POLR3A, IL6	c2.cp.kegg.v7.1
KEGG_JAK_STAT_SIGNALING_PATHWAY	Y	0.0469802678419084	73	0.0738657213081574	0.36420280021347	0.202814808850625	0.839284351096781	0.995585812883633	STAT3, STAT2, PIAS3, TYK2, IL21R, CREBBP, SOCS5, STAM, SPRY4, JAK1, AKT1, AKT2, JAK2, AKT3, STAT5B, STAT5A, MYC, SPRED1, PIAS1, IL13RA1, PRLR, SOCS1, IL23R, CCND1, BCL2L1, PIAS4, OSMR, CCND2, CCND3, SOS2, EPO, PTPN11, MPL, SPRED2, IFNLR1, CISH, PTPN6, IL7R, IL12RB2, IL12A, IRF9, PIAS2, LEPR, GRB2, IL10RA, SOS1, IL10RB, EPOR, IL11, EP300, CBL, IL15, IFNB1, IFNAR1, IFNAR2, IL20RB, IL2RA, IL6R, PIK3R3, SPRY2, IL6ST, SPRY1, IL7, SOCS4, PIK3CA, PIK3CB, PIM1, PIK3CD, LIF, LIFR, SOCS7, PIK3R1, IL6	c2.cp.kegg.v7.1
KEGG_HEMATOPOIETIC_CELL_LINEAGE	Y	0.0241434742955035	33	-0.156890509468662	0.652738942512946	-0.240357207530253	0.810058804322715	0.995585812883633	EPO, TNF, CD34, GP5, ITGA3, KITLG, ITGA5, THPO, IL7R, TFRC, ITGB3, EPOR, IL11, CD4, CSF1R, HLA-DRB5, CSF1, CD59, CD44, CD55, IL1B, IL1R1, IL2RA, IL6R, ITGA2, ITGA1, IL7, CD3D, CD3G, ANPEP, CD1D, IL6, HLA-DRA	c2.cp.kegg.v7.1
KEGG_NATURAL_KILLER_CELL_MEDIATED_CYTOTOXICITY	Y	0.0424124294683943	65	-9.5445476162123	371.780122497957	-0.0256725603081826	0.979519077498843	0.995585812883633	PPP3R1, SH2D1B, HLA-G, BRAF, SHC4, VAV2, NRAS, NFAT5, RAET1E, ULBP3, NFATC3, KRAS, SHC3, HLA-E, PAK1, PLCG1, PLCG2, NFATC1, SOS2, PTPN11, KLRC3, RAF1, PRKCB, KLRD1, SHC1, PRKCA, TNF, ICAM2, ICAM1, HLA-C, HLA-B, PTPN6, HLA-A, BID, MAP2K2, RAC3, MAP2K1, CASP3, GRB2, RAC1, SOS1, MAPK1, HRAS, ULBP2, TNFRSF10A, TNFRSF10D, IFNB1, MICB, ARAF, TNFRSF10B, IFNAR1, IFNAR2, MICA, PIK3R3, CD244, PPP3CB, PIK3CA, PIK3CB, FAS, PIK3CD, FASLG, FYN, VAV3, PIK3R1, CHP1	c2.cp.kegg.v7.1
KEGG_T_CELL_RECEPTOR_SIGNALING_PATHWAY	Y	0.0436932140605653	67	-0.603251505502717	0.656840590859256	-0.918413864638853	0.358426759448962	0.995585812883633	JUN, MALT1, CD28, PDPK1, PPP3R1, PAK4, IKBKB, MAP3K8, MAP3K7, AKT1, AKT2, NRAS, AKT3, VAV2, NFAT5, NFKB1, NFKBIA, PAK6, CTLA4, CD4, MAPK14, NFATC3, RELA, KRAS, MAP3K14, CD3D, PAK1, CD3G, PLCG1, NFATC1, CDC42, RASGRP1, SOS2, PAK3, RAF1, TNF, PAK2, RHOA, PTPN6, MAPK9, MAPK11, MAP2K2, MAPK13, MAP2K1, MAP2K7, GRAP2, GRB2, SOS1, MAPK1, HRAS, IKBKG, GSK3B, CBL, CD40LG, PIK3R3, CDK4, PPP3CB, DLG1, PIK3CA, PIK3CB, PIK3CD, BCL10, FYN, FOS, VAV3, PIK3R1, CHP1	c2.cp.kegg.v7.1
KEGG_B_CELL_RECEPTOR_SIGNALING_PATHWAY	Y	0.0317810191423714	46	-9.31213638363233	371.749175406469	-0.0250495145643577	0.98001602245427	0.995585812883633	JUN, SOS2, RAF1, PRKCB, MALT1, PPP3R1, PTPN6, MAP2K2, RAC3, MAP2K1, IKBKB, AKT1, CD81, AKT2, VAV2, AKT3, NRAS, GRB2, RASGRP3, NFAT5, NFKB1, RAC1, NFKBIA, SOS1, MAPK1, IKBKG, HRAS, IFITM1, RELA, NFATC3, GSK3B, KRAS, PIK3R3, PIK3AP1, PPP3CB, PIK3CA, PIK3CB, PIK3CD, PLCG2, BCL10, FOS, NFATC1, LYN, VAV3, PIK3R1, CHP1	c2.cp.kegg.v7.1
KEGG_FC_EPSILON_RI_SIGNALING_PATHWAY	Y	0.0323597238138413	47	-9.32657572367508	371.751401159036	-0.0250882059747373	0.979985161729554	0.995585812883633	SOS2, RAF1, PRKCB, PRKCA, PDPK1, TNF, MAP2K4, PRKCE, MAPK9, MAPK11, MAP2K2, RAC3, MAP2K3, PLA2G4A, MAPK13, PLA2G5, MAP2K1, MAP2K7, PLA2G4B, MAP2K6, AKT1, PLA2G2F, AKT2, VAV2, AKT3, NRAS, GRB2, RAC1, SOS1, MAPK1, HRAS, MAPK8, MAPK14, GAB2, KRAS, PIK3R3, PIK3CA, PIK3CB, PIK3CD, PLA2G2C, PLCG1, PLCG2, PLA2G12A, FYN, VAV3, LYN, PIK3R1	c2.cp.kegg.v7.1
KEGG_FC_GAMMA_R_MEDIATED_PHAGOCYTOSIS	Y	0.0415673223925858	63	0.165087493879309	0.363572428956617	0.454070443001078	0.649789036861726	0.995585812883633	SPHK1, PIP4K2B, WASF2, WASF1, PLA2G4B, PIKFYVE, VASP, AKT1, AKT2, AMPH, ARPC5, AKT3, VAV2, ARPC1B, ARPC3, SCIN, WASF3, DNM2, CFL2, CFL1, PIP5K1C, ASAP2, DNM3, PAK1, CRK, CRKL, PLCG1, PLCG2, PLD1, ARPC5L, CDC42, PRKCB, RAF1, PRKCA, ARF6, PRKCE, MYO10, WASL, PLA2G4A, DNM1L, MAP2K1, MARCKS, RPS6KB1, PLA2G4F, ARPC2, RAC1, MAPK1, MARCKSL1, GSN, GAB2, PLPP3, LIMK1, PLA2G4D, PIK3R3, PIK3CA, PLPP1, PIK3CB, PIK3CD, ARPC1A, ASAP1, LYN, VAV3, PIK3R1	c2.cp.kegg.v7.1
KEGG_LEUKOCYTE_TRANSENDOTHELIAL_MIGRATION	Y	0.0382515589782331	57	-0.00530956428200243	0.439265207716754	-0.0120873772580371	0.990356170111834	0.995585812883633	CDH5, AFDN, TXK, ROCK1, MMP2, PTK2, MMP9, NCF2, VASP, VCAM1, ITGB1, VAV2, MAPK14, VCL, GNAI1, GNAI2, CTNND1, PXN, RAPGEF3, GNAI3, CLDN16, EZR, PLCG1, PLCG2, OCLN, CDC42, PTPN11, PRKCB, PRKCA, CLDN1, ICAM1, RHOA, CXCR4, ACTN4, F11R, MAPK11, MAPK13, CD99, ARHGAP35, ACTG1, RAC1, RASSF5, CTNNB1, CLDN4, ACTB, ROCK2, PIK3R3, RAP1B, PIK3CA, MSN, PIK3CB, PIK3CD, CTNNA3, RAPGEF4, VAV3, CYBB, PIK3R1	c2.cp.kegg.v7.1
KEGG_INTESTINAL_IMMUNE_NETWORK_FOR_IGA_PRODUCTION	Y	0.013621474259361	17	-9.31309652646288	612.973984807853	-0.01519329817787	0.987878303902597	0.995585812883633	TNFRSF13C, HLA-DRB5, HLA-DOA, CD86, CD28, TNFSF13, TNFSF13B, IL15, ICOSLG, TGFB1, MAP3K14, CXCR4, LTBR, PIGR, CD40LG, IL6, HLA-DRA	c2.cp.kegg.v7.1
KEGG_CIRCADIAN_RHYTHM_MAMMAL	Y	0.00784542160953106	9	-9.5557633905542	1010.81008736273	-0.00945356947860084	0.992457464005781	0.995585812883633	PER3, PER2, CSNK1D, CRY1, BHLHE40, CRY2, CSNK1E, PER1, CLOCK	c2.cp.kegg.v7.1
KEGG_LONG_TERM_POTENTIATION	Y	0.0337035909166951	49	0.0858290843235029	0.43950895482182	0.195284040022116	0.845174983438751	0.995585812883633	GRM5, CALM2, PLCB1, RAF1, PRKCB, PLCB3, PRKCA, CALM1, GRM1, PPP3R1, CREBBP, PPP1R12A, GRIN2A, MAP2K2, BRAF, GRIN2D, ITPR3, CACNA1C, MAP2K1, GRIA2, GRIA1, RPS6KA3, NRAS, PPP1R1A, PPP1CC, PPP1CA, PPP1CB, RPS6KA1, MAPK1, HRAS, ITPR1, EP300, ITPR2, KRAS, PRKX, ARAF, ADCY1, RAPGEF3, CAMK4, CAMK2A, RAP1B, CAMK2D, CAMK2G, PRKACA, GNAQ, PRKACB, PPP3CB, CALM3, CHP1	c2.cp.kegg.v7.1
KEGG_NEUROTROPHIN_SIGNALING_PATHWAY	Y	0.0586982101797488	96	0.450880528779178	0.234850215547642	1.91986423230559	0.0549065134196668	0.995585812883633	JUN, FRS2, CALM2, CALM1, PDPK1, TP73, MAP3K5, RPS6KA5, BRAF, MAP3K1, MAP3K3, IKBKB, ABL1, AKT1, SHC4, AKT2, NRAS, AKT3, NFKB1, NFKBIA, MAPK14, RELA, KRAS, SHC3, BDNF, NGFR, SH2B3, CSK, CAMK4, YWHAB, BCL2, CAMK2A, CAMK2D, FOXO3, CAMK2G, IRS2, SORT1, CRK, CRKL, PLCG1, PLCG2, YWHAZ, ARHGDIA, CALM3, YWHAH, YWHAE, CDC42, SOS2, PTPN11, RAF1, SHC1, RHOA, AC093012.1, MAPK9, MAGED1, MAPK11, MAP2K2, MAPK13, MAP2K1, BAX, MAP2K7, RAPGEF1, RPS6KA3, GRB2, RPS6KA4, MAPK7, KIDINS220, RAC1, SOS1, MAPK1, RPS6KA1, YWHAQ, HRAS, MAPK8, PRDM4, MAPKAPK2, GSK3B, NTF4, IRAK2, NTF3, IRAK1, PIK3R3, RAP1B, IRAK3, TP53, PIK3CA, PIK3CB, PIK3CD, GAB1, FASLG, IRS1, ZNF274, NTRK2, IRS4, PIK3R1, NTRK3	c2.cp.kegg.v7.1
KEGG_LONG_TERM_DEPRESSION	Y	0.0307838598365667	44	0.171571237045974	0.43194425734364	0.397206894475455	0.691224284234715	0.995585812883633	GRM5, PLCB1, RAF1, PRKCB, PRKCA, PLCB3, IGF1, GRM1, IGF1R, CACNA1A, MAP2K2, BRAF, PLA2G4A, ITPR3, PLA2G5, MAP2K1, NOS1, GRIA3, GRIA2, GRIA1, PLA2G4B, PLA2G2F, NRAS, PRKG2, MAPK1, HRAS, ITPR1, ITPR2, GNA12, GNA13, KRAS, GNAI1, GNAI2, GUCY1A2, ARAF, PPP2CA, PPP2R1A, PPP2R1B, GNAQ, GNAS, GNAI3, PLA2G2C, PLA2G12A, LYN	c2.cp.kegg.v7.1
KEGG_OLFACTORY_TRANSDUCTION	Y	0.016999213627712	22	-9.48573024585423	613.03128591075	-0.0154734847370176	0.987654779842604	0.995585812883633	CALM2, CALM1, GRK3, OR52K1, ARRB2, GUCA1B, CAMK2A, CAMK2D, CAMK2G, CALM3, OR7D2, CLCA2, OR2A4, OR51E2, PRKX, OR2C3, ADCY3, CNGA4, PRKACA, PRKACB, CNGB1, PRKG2	c2.cp.kegg.v7.1
KEGG_TASTE_TRANSDUCTION	Y	0.0108310399119434	13	0.458113381949411	0.622909123418426	0.735441759843487	0.462089593596134	0.995585812883633	ADCY6, PDE1A, CACNA1A, ITPR3, TAS2R5, KCNB1, PRKX, GNG3, SCNN1A, PRKACA, PRKACB, GNAS, GNB1	c2.cp.kegg.v7.1
KEGG_REGULATION_OF_ACTIN_CYTOSKELETON	Y	0.0738260148421348	127	-0.459831601390367	0.425528767915848	-1.08061225482481	0.279898481853223	0.995585812883633	FN1, ENAH, DIAPH1, SSH2, RRAS2, ITGA11, ROCK1, PTK2, ARHGEF7, ARPC5, NRAS, ARPC1B, ARPC3, TIAM1, SCIN, PAK6, PFN1, PFN2, KRAS, CFL2, CFL1, MYLK, BDKRB1, PIP5K1C, CSK, APC, PIP4K2C, MYH9, ARPC5L, MYH10, ARHGEF4, FGF9, FGF5, PDGFD, FGF1, FGF2, PPP1R12A, ACTN4, MAP2K2, MAP2K1, ARHGEF12, FGFR2, FGFR4, FGFR3, FGFR1, FGF10, IQGAP1, FGF12, PPP1CC, PPP1CB, ACTG1, HRAS, LIMK1, PIP4K2A, ACTB, ROCK2, PIK3R3, MSN, ARPC1A, NCKAP1, VAV3, ABI2, F2, F2R, PAK4, ITGA3, ITGA5, MYH14, PIP4K2B, WASF2, BRAF, SLC9A1, WASF1, ITGB3, PIKFYVE, ITGB4, ITGB5, ITGAV, ITGB1, VAV2, PFN4, GNA12, PDGFC, VCL, GNA13, CHRM3, ITGB8, RDX, PXN, PDGFB, PDGFRA, TMSB4X, PAK1, CRK, EZR, CRKL, CDC42, SOS2, PAK3, RAF1, PAK2, RHOA, WASL, RAC3, SSH3, PPP1CA, ARHGAP35, ARPC2, FGF19, RAC1, SOS1, MAPK1, GSN, EGFR, EGF, RRAS, ARAF, GNG12, MRAS, ITGA2, ITGA1, PIK3CA, PIK3CB, PIK3CD, ARHGEF1, MYLK3, PIK3R1	c2.cp.kegg.v7.1
KEGG_INSULIN_SIGNALING_PATHWAY	Y	0.0542715038039092	87	-0.270379446355204	0.441305645151216	-0.612680688148815	0.540102919481636	0.995585812883633	GCK, CALM2, PPARGC1A, ELK1, CALM1, EIF4E, EIF4EBP1, HK2, HK1, RHEB, BRAF, PDPK1, IKBKB, EXOC7, AKT1, SHC4, AKT2, NRAS, AKT3, ACACB, PYGL, ACACA, PDE3B, PHKA1, FLOT2, KRAS, SHC3, SOCS1, PRKX, PRKAB2, PRKAA2, PRKAA1, FOXO1, PRKACA, PRKACB, IRS2, FLOT1, CRK, CRKL, RHOQ, PRKAG1, PRKAR1A, PRKAR2A, CALM3, PTPN1, SOS2, RAF1, SHC1, SLC2A4, FASN, GYS1, GYS2, MAPK9, MAP2K2, PTPRF, MAP2K1, RAPGEF1, RPS6KB1, PRKCZ, TSC1, GRB2, PPP1CC, PPP1CA, PPP1CB, PKLR, SOS1, RPS6, PPP1R3D, MAPK1, HRAS, MAPK8, GSK3B, CBL, MKNK2, ARAF, TRIP10, PPP1R3B, PIK3R3, SOCS4, PIK3CA, PIK3CB, PIK3CD, G6PC, SREBF1, IRS1, IRS4, PIK3R1	c2.cp.kegg.v7.1
KEGG_GNRH_SIGNALING_PATHWAY	Y	0.0420668036912349	64	-0.574146457672131	0.6566251161269	-0.874390034086316	0.381929131844357	0.995585812883633	JUN, CALM2, ELK1, CALM1, MAP2K4, MMP2, MAP3K1, MAP3K3, ITPR3, MAP3K4, PLA2G4B, PLA2G2F, NRAS, MAPK14, KRAS, PRKX, ADCY3, ADCY1, CAMK2A, CAMK2D, CAMK2G, PRKACA, GNAQ, PRKACB, GNRHR, GNAS, GNRH1, PLD1, PLA2G12A, HBEGF, CALM3, MAP3K2, CDC42, SOS2, ADCY9, PLCB1, ADCY6, ADCY7, PRKCB, RAF1, PLCB3, PRKCA, MAPK9, MAPK11, MAP2K2, PLA2G4A, MAP2K3, PLA2G5, MAPK13, MAP2K1, CACNA1C, MAP2K7, MAP2K6, GRB2, MAPK7, SOS1, MAPK1, HRAS, MAPK8, ITPR1, EGFR, ITPR2, MMP14, PLA2G2C	c2.cp.kegg.v7.1
KEGG_PROGESTERONE_MEDIATED_OOCYTE_MATURATION	Y	0.0402443371988331	61	0.611944508689185	0.257109483196428	2.38009310695735	0.0173288924151156	0.862916672529987	ADCY9, ADCY6, RAF1, ADCY7, IGF1, CDK1, ANAPC10, IGF1R, ANAPC1, MAPK9, MAPK11, BRAF, MAPK13, MAP2K1, AKT1, AKT2, RPS6KA3, AKT3, CPEB1, ANAPC7, ANAPC5, ANAPC4, MAD2L1, RPS6KA1, MAPK1, PDE3B, MAPK8, MAPK14, KRAS, PRKX, GNAI1, CCNA1, GNAI2, FZR1, ADCY3, HSP90AA1, ARAF, PLK1, ADCY1, ANAPC13, PIK3R3, PGR, CCNA2, BUB1, PKMYT1, PRKACA, CDK2, PRKACB, GNAI3, HSP90AB1, CDC27, PIK3CA, PIK3CB, CDC25B, CDC25C, CCNB2, PIK3CD, CDC25A, MAD2L2, CCNB1, PIK3R1	c2.cp.kegg.v7.1
KEGG_MELANOGENESIS	Y	0.0426705100835963	65	-0.0707773265261696	0.434054268114441	-0.163061008093828	0.870474047941121	0.995585812883633	CALM2, CALM1, FZD1, FZD4, FZD6, FZD7, CREBBP, FZD9, WNT9B, WNT9A, CREB1, WNT2B, EDN1, WNT10B, NRAS, KRAS, PRKX, GNAI1, GNAI2, ADCY3, ADCY1, WNT5B, CAMK2A, CAMK2D, CAMK2G, PRKACA, GNAQ, PRKACB, GNAS, GNAI3, WNT16, CALM3, ADCY9, PLCB1, ADCY6, ADCY7, PRKCB, RAF1, PLCB3, PRKCA, KITLG, DVL3, DVL2, MAP2K2, MAP2K1, DVL1, TYRP1, WNT4, WNT10A, TCF7, MAPK1, TCF7L2, HRAS, WNT1, EP300, GSK3B, WNT7A, WNT7B, WNT3, WNT5A, CTNNB1, CREB3L2, FZD5, TCF7L1, MITF	c2.cp.kegg.v7.1
KEGG_ADIPOCYTOKINE_SIGNALING_PATHWAY	Y	0.0276591698593373	39	-9.20136795031918	371.730874044585	-0.0247527676412898	0.980252712286979	0.995585812883633	STAT3, PTPN11, PPARGC1A, TNF, SLC2A4, SLC2A1, ADIPOR2, ACSL6, MAPK9, RXRB, IKBKB, AKT1, AKT2, JAK2, LEPR, AKT3, CPT1B, ACACB, NFKB1, NFKBIA, IKBKG, MAPK8, CPT1A, RELA, STK11, PPARA, PRKAB2, PRKAA2, PRKAA1, TRADD, ACSL5, IRS2, ACSL1, PRKAG1, G6PC, IRS1, CAMKK2, IRS4, ACSL4	c2.cp.kegg.v7.1
KEGG_TYPE_II_DIABETES_MELLITUS	Y	0.0197120001115488	26	0.032914045174764	0.629169508330801	0.0523134779084982	0.958280071106066	0.995585812883633	GCK, MAPK8, TNF, SOCS1, SLC2A4, PRKCE, MAPK9, HK2, CACNA1A, HK1, PIK3R3, CACNA1C, IKBKB, IRS2, SOCS4, PIK3CA, PIK3CB, PIK3CD, PRKCZ, KCNJ11, IRS1, PKLR, PKM, IRS4, PIK3R1, MAPK1	c2.cp.kegg.v7.1
KEGG_TYPE_I_DIABETES_MELLITUS	Y	0.0143087363927855	18	-9.35135364333524	612.987110699851	-0.0152553838084112	0.987828773848706	0.995585812883633	HLA-DRB5, HLA-DOA, CD86, CD28, TNF, HLA-C, HLA-B, IL1B, HLA-F, HLA-E, HLA-A, HLA-G, IL12A, CPE, HSPD1, FAS, FASLG, HLA-DRA	c2.cp.kegg.v7.1
KEGG_MATURITY_ONSET_DIABETES_OF_THE_YOUNG	Y	0.00934436771997866	11	-9.02196924635397	612.866431600255	-0.0147209388231571	0.988255139544497	0.995585812883633	MNX1, GCK, HES1, BHLHA15, HNF1B, HNF4G, HNF4A, NKX2-2, NEUROD1, FOXA2, PKLR	c2.cp.kegg.v7.1
KEGG_ALDOSTERONE_REGULATED_SODIUM_REABSORPTION	Y	0.019062615666525	25	0.022061325794522	0.647358300534369	0.0340790035075031	0.972814904591042	0.995585812883633	SFN, NR3C2, PRKCB, PRKCA, KRAS, IGF1, SCNN1A, ATP1B3, ATP1B1, NEDD4L, PIK3R3, SLC9A3R2, PDPK1, ATP1A1, IRS2, ATP1A2, PIK3CA, PIK3CB, PIK3CD, IRS1, SGK1, ATP1B4, IRS4, PIK3R1, MAPK1	c2.cp.kegg.v7.1
KEGG_VASOPRESSIN_REGULATED_WATER_REABSORPTION	Y	0.0196608157341818	26	0.474820566881672	0.438078238361858	1.08387161311004	0.278450659349226	0.995585812883633	ADCY9, ADCY6, DYNLL2, DYNC1LI2, DCTN6, PRKX, RAB11A, DYNLL1, AQP3, ADCY3, RAB5B, NSF, DCTN5, CREB3L2, RAB11B, STX4, PRKACA, PRKACB, CREB1, GNAS, DYNC2H1, DYNC1H1, DCTN4, CREB5, ARHGDIA, RAB5C	c2.cp.kegg.v7.1
KEGG_PROXIMAL_TUBULE_BICARBONATE_RECLAMATION	Y	0.00626669867121781	7	0.79715970384831	0.634244020086641	1.25686593582611	0.208834687479372	0.995585812883633	GLUD2, ATP1A1, ATP1A2, ATP1B3, ATP1B1, ATP1B4, SLC9A3	c2.cp.kegg.v7.1
KEGG_ALZHEIMERS_DISEASE	Y	0.0531619333883508	85	-0.712629356270345	0.636430221362813	-1.11972897004225	0.262859050917843	0.995585812883633	CALM2, NDUFA5, CALM1, EIF2AK3, ATP2A3, PPP3R1, ATP2A2, ADAM17, BACE2, ATP5PO, MT-CO2, MT-CO1, MT-CO3, ITPR3, PSENEN, COX4I1, MT-ATP6, ATP5PD, NDUFA2, LPL, CAPN1, APAF1, HSD17B10, APH1A, UQCRQ, GAPDH, COX7A2L, IDE, ATP5MC3, ADAM10, ATP5MC1, COX5A, CDK5R1, ERN1, GNAQ, ATP5F1A, BACE1, ATP5PF, CYCS, SDHA, CALM3, NCSTN, CASP9, COX8A, CASP8, COX7C, CASP7, PLCB1, PLCB3, TNF, RYR3, SDHB, COX7B, ATP5F1B, GRIN2A, COX6B1, BID, ATP5F1C, GRIN2D, CACNA1C, NOS1, CASP3, UQCRB, COX6A1, UQCRFS1, UQCRC2, MAPK1, ITPR1, NDUFA10, ITPR2, GSK3B, NDUFA7, UQCR11, NDUFV3, IL1B, NDUFB10, NDUFC2, NDUFS1, NDUFS5, NDUFS2, PPP3CB, APP, NDUFB5, FAS, CHP1	c2.cp.kegg.v7.1
KEGG_PARKINSONS_DISEASE	Y	0.0409796921005731	62	-0.511885529563718	0.634889950500704	-0.80625867390092	0.420114941311305	0.995585812883633	NDUFA5, MT-CO2, ATP5PO, MT-CO1, MT-CO3, COX4I1, MT-ATP6, UCHL1, ATP5PD, NDUFA2, APAF1, UBE2G2, UBE2G1, VDAC1, VDAC2, UQCRQ, UBE2L3, COX7A2L, ATP5MC3, ATP5MC1, COX5A, UBA1, SLC25A5, ATP5F1A, SLC25A4, ATP5PF, CYCS, SDHA, CASP9, COX8A, COX7C, PPID, SDHB, COX7B, ATP5F1B, COX6B1, ATP5F1C, UBB, CASP3, UQCRB, COX6A1, UQCRFS1, UQCRC2, NDUFA10, MT-ND6, MT-ND5, NDUFA7, UQCR11, NDUFV3, MT-ND4, MT-ND4L, MT-ND2, MT-ND3, MT-ND1, NDUFB10, NDUFC2, NDUFS1, NDUFS5, NDUFS2, NDUFB5, PARK7, GPR37	c2.cp.kegg.v7.1
KEGG_AMYOTROPHIC_LATERAL_SCLEROSIS_ALS	Y	0.0259831499338524	36	0.222224518679987	0.457513426387822	0.48572239821354	0.62717578346575	0.995585812883633	CASP9, TNF, PPP3R1, CCS, MAP3K5, TOMM40L, GRIN2A, MAPK11, SOD1, BID, GRIN2D, MAP2K3, MAPK13, NOS1, BAX, NEFM, GRIA2, SLC1A2, NEFH, GRIA1, MAP2K6, CASP3, DAXX, RAC1, MAPK14, APAF1, GPX1, BCL2, BCL2L1, PPP3CB, TP53, PRPH, DERL1, CYCS, TOMM40, CHP1	c2.cp.kegg.v7.1
KEGG_HUNTINGTONS_DISEASE	Y	0.0603434059607102	99	0.172626472855232	0.289251612902154	0.596803838440919	0.550653313596632	0.995585812883633	POLR2H, POLR2E, POLR2F, NDUFA5, PPARGC1A, POLR2I, POLR2J, NRF1, CREBBP, ATP5PO, MT-CO2, MT-CO1, DNALI1, POLR2L, MT-CO3, COX4I1, CREB1, HIP1, MT-ATP6, AP2B1, DCTN4, ATP5PD, AP2A1, NDUFA2, APAF1, VDAC1, VDAC2, UQCRQ, BBC3, BDNF, COX7A2L, ATP5MC3, ATP5MC1, COX5A, GNAQ, SP1, ATP5F1A, SLC25A5, SLC25A4, ATP5PF, RCOR1, CYCS, TGM2, SDHA, POLR2B, DNAL1, POLR2A, POLR2D, POLR2C, CASP9, COX8A, GRM5, CASP8, COX7C, PLCB1, PLCB3, PPID, SDHB, TFAM, COX7B, ATP5F1B, SOD1, COX6B1, SOD2, ATP5F1C, BAX, CASP3, REST, UQCRB, POLR2J3, CREB5, COX6A1, UQCRFS1, UQCRC2, SIN3A, TBPL2, EP300, ITPR1, NDUFA10, NDUFA7, UQCR11, NDUFV3, GPX1, AP2S1, AP2M1, CREB3L2, NDUFB10, NDUFC2, NDUFS1, NDUFS5, PPARG, NDUFS2, TP53, NDUFB5, CLTA, CLTC, HDAC1, HDAC2, HTT	c2.cp.kegg.v7.1
KEGG_PRION_DISEASES	Y	0.0176585874234709	23	-9.51551108165635	613.04066064362	-0.0155218270051879	0.987616213992934	0.995585812883633	EGR1, NCAM1, ELK1, NOTCH1, PRKX, C6, CCL5, IL1B, SOD1, STIP1, MAP2K2, MAP2K1, BAX, PRKACA, PRKACB, HSPA5, PRNP, LAMC1, FYN, C8A, C7, IL6, MAPK1	c2.cp.kegg.v7.1
KEGG_VIBRIO_CHOLERAE_INFECTION	Y	0.0240455074859044	33	0.563052122142891	0.359739196003629	1.56516756694261	0.117578657366657	0.995585812883633	ATP6V1G1, PDIA4, ADCY9, PRKCB, SEC61B, PRKCA, TJP2, ATP6V0A1, KDELR2, ATP6AP1, ATP6V1F, ERO1A, ATP6V0A2, ARF1, ACTG1, PRKX, KDELR1, ADCY3, ATP6V0D2, ATP6V0E1, ACTB, TJP1, PRKACA, PRKACB, GNAS, SEC61A2, ATP6V1A, PLCG1, PLCG2, ATP6V1E1, ATP6V1B2, ATP6V1B1, SEC61A1	c2.cp.kegg.v7.1
KEGG_EPITHELIAL_CELL_SIGNALING_IN_HELICOBACTER_PYLORI_INFECTION	Y	0.0313605298702409	45	-0.345178708216408	0.65147099859635	-0.529845087440769	0.596232365313518	0.995585812883633	JUN, ATP6V1G1, PTPN11, CXCL1, MAP2K4, CCL5, ADAM17, ATP6V0A1, CXCR2, ATP6AP1, CXCL8, F11R, MAPK9, MAPK11, MAPK13, IKBKB, ATP6V1F, CASP3, ATP6V0A2, NFKB1, RAC1, NFKBIA, IKBKG, MAPK8, MAPK14, EGFR, RELA, PTPRZ1, ATP6V0D2, MAP3K14, ATP6V0E1, ADAM10, TJP1, MET, CSK, PAK1, ATP6V1A, PLCG1, PLCG2, HBEGF, ATP6V1E1, ATP6V1B2, LYN, ATP6V1B1, CDC42	c2.cp.kegg.v7.1
KEGG_PATHOGENIC_ESCHERICHIA_COLI_INFECTION	Y	0.0282560244391537	40	-9.21834881568853	371.733815790681	-0.0247982519321817	0.980216433215483	0.995585812883633	TUBA1A, PRKCA, CLDN1, TUBB4A, TUBB4B, TUBB3, RHOA, CTTN, ROCK1, TUBB2A, WASL, ABL1, TUBA1B, ARPC5, ITGB1, ARPC1B, ARPC3, ACTG1, ARPC2, NCL, TUBA3D, YWHAQ, TLR5, TUBB2B, CTNNB1, TUBA1C, ACTB, ROCK2, EZR, ARHGEF2, ARPC1A, TLR4, TUBB6, ARPC5L, TUBB, YWHAZ, FYN, OCLN, CDC42, CDH1	c2.cp.kegg.v7.1
KEGG_LEISHMANIA_INFECTION	Y	0.0252424703482225	35	-9.12881648038463	371.717787660534	-0.0245584601636589	0.980407695812414	0.995585812883633	JUN, HLA-DOA, PRKCB, ELK1, TNF, MYD88, PTPN6, AC093012.1, MAPK11, NCF2, PTGS2, MAPK13, IL12A, MAP3K7, JAK1, JAK2, ITGB1, NFKB1, NFKBIA, MARCKSL1, MAPK1, HLA-DRB5, MAPK14, RELA, TGFB2, TGFB1, TAB2, IL1B, IRAK1, C3, TLR4, TAB1, TLR2, FOS, HLA-DRA	c2.cp.kegg.v7.1
KEGG_PATHWAYS_IN_CANCER	Y	0.122450876630398	240	0.297719310503956	0.170983403018875	1.74121759917886	0.0816794919449992	0.995585812883633	JUN, STAT3, TFG, HGF, BIRC5, FN1, IGF1, XIAP, PML, JUP, HHIP, IGF1R, FZD1, FZD4, GSTP1, FZD6, FZD7, FZD9, MSH6, PGF, CTBP2, CTBP1, WNT9B, PTK2, WNT9A, PTGS2, HIF1A, ABL1, WNT2B, JAK1, AKT1, WNT10B, AKT2, LAMC2, SMO, NRAS, ARNT, TPR, LAMB3, AXIN1, LAMC1, STAT5B, STAT5A, LAMA4, LAMA5, NFKB2, LAMB1, NFKB1, NFKBIA, TPM3, MYC, CSF1R, SHH, CCDC6, KRAS, TGFB2, TRAF5, TGFB1, RBX1, TGFBR2, TRAF1, TGFBR1, HSP90B1, MET, RALB, FOXO1, BIRC2, APC, SUFU, PIAS4, LAMC3, WNT16, PLCG1, PLCG2, PLD1, CASP9, MAX, CASP8, FGF9, RARA, FGF5, KITLG, FGF1, FGF2, MAPK9, MAP2K2, MECOM, BAX, MAP2K1, FGFR2, RB1, CASP3, FGFR3, PIAS2, FGFR1, FGF10, CUL2, GRB2, FGF12, WNT10A, WNT4, SMAD3, ETS1, SMAD4, SMAD2, RUNX1, IKBKG, HRAS, WNT1, RUNX1T1, WNT7A, WNT7B, CBL, WNT3, RASSF5, WNT5A, CTNNB1, CCNA1, STK4, STK36, FZD5, PTEN, PIK3R3, TCF7L1, MITF, CTNNA3, FOS, LAMA1, PIAS3, NKX3-1, ITGA3, CREBBP, MMP2, BRCA2, COL4A1, BRAF, COL4A2, MMP9, MLH1, COL4A4, IKBKB, MDM2, ITGAV, ITGB1, AKT3, EGLN2, EGLN3, DAPK1, PIAS1, RELA, APPL1, VEGFA, HSP90AA1, VEGFC, VEGFB, WNT5B, CCND1, TRAF4, BCL2, PDGFB, BCL2L1, PDGFRA, MSH2, VHL, RALBP1, HSP90AB1, MSH3, CRK, CYCS, CRKL, CCNE1, DCC, CDC42, CDH1, SOS2, E2F1, ZBTB16, RAF1, PRKCB, PRKCA, SLC2A1, CEBPA, RHOA, RAD51, ELOC, ELOB, CXCL8, DVL3, ERBB2, DVL2, BID, TGFA, RAC3, RXRB, RASSF1, DVL1, SKP2, RET, TCF7, DAPK2, FGF19, RAC1, SOS1, TCF7L2, MAPK1, MAPK8, EGFR, EP300, GSK3B, CDKN2A, CDKN1B, CDKN1A, EGF, LAMA2, ARAF, AR, ITGA2, GLI1, EGLN1, CDK2, CDK4, BMP2, PPARG, GLI3, PPARD, TP53, E2F3, E2F2, PIK3CA, PIK3CB, CCNE2, CDK6, FAS, PIK3CD, FASLG, HDAC1, HDAC2, CKS1B, IL6, PIK3R1	c2.cp.kegg.v7.1
KEGG_COLORECTAL_CANCER	Y	0.0342449313793312	50	0.317070452224148	0.359559865080277	0.881829378129722	0.377892548758117	0.995585812883633	JUN, CASP9, RAF1, BIRC5, RHOA, MSH6, MAPK9, RAC3, BRAF, MLH1, MAP2K1, BAX, AKT1, CASP3, AKT2, AKT3, AXIN1, SMAD3, SMAD4, TCF7, RAC1, MYC, TCF7L2, SMAD2, MAPK1, MAPK8, APPL1, GSK3B, KRAS, CTNNB1, TGFB2, TGFB1, ARAF, TGFBR2, TGFBR1, CCND1, PIK3R3, BCL2, TCF7L1, MSH2, APC, TP53, MSH3, PIK3CA, PIK3CB, CYCS, PIK3CD, FOS, DCC, PIK3R1	c2.cp.kegg.v7.1
KEGG_RENAL_CELL_CARCINOMA	Y	0.0393675215444008	59	-0.0296284180419127	0.440470017762837	-0.0672654592755176	0.946371862973427	0.995585812883633	JUN, SOS2, PAK3, PTPN11, RAF1, HGF, PAK2, SLC2A1, PAK4, CREBBP, ELOC, ELOB, PGF, MAP2K2, TGFA, BRAF, FLCN, MAP2K1, HIF1A, AKT1, AKT2, RAPGEF1, AKT3, NRAS, ARNT, CUL2, GRB2, ETS1, EGLN2, EGLN3, PAK6, RAC1, SOS1, MAPK1, HRAS, EP300, KRAS, TGFB2, TGFB1, VEGFA, ARAF, VEGFC, VEGFB, RBX1, MET, PIK3R3, RAP1B, PDGFB, EGLN1, VHL, PAK1, CRK, PIK3CA, PIK3CB, CRKL, PIK3CD, GAB1, PIK3R1, CDC42	c2.cp.kegg.v7.1
KEGG_PANCREATIC_CANCER	Y	0.0376764616973934	56	0.199303489580129	0.374621396399823	0.532013097744737	0.594730009516059	0.995585812883633	CASP9, E2F1, STAT3, RAF1, RAD51, PGF, MAPK9, ERBB2, BRCA2, TGFA, BRAF, RAC3, MAP2K1, IKBKB, RB1, JAK1, AKT1, AKT2, AKT3, SMAD3, SMAD4, NFKB1, RAC1, SMAD2, MAPK1, IKBKG, MAPK8, EGFR, RELA, KRAS, CDKN2A, EGF, TGFB2, TGFB1, VEGFA, ARAF, VEGFC, VEGFB, TGFBR2, TGFBR1, CCND1, PIK3R3, RALB, BCL2L1, CDK4, RALBP1, TP53, E2F3, E2F2, PIK3CA, PIK3CB, CDK6, PIK3CD, PLD1, PIK3R1, CDC42	c2.cp.kegg.v7.1
KEGG_ENDOMETRIAL_CANCER	Y	0.0295517061578668	42	0.410672759662458	0.362587438525386	1.13261717320553	0.257405119795388	0.995585812883633	CASP9, SOS2, RAF1, ELK1, ERBB2, MAP2K2, BRAF, MLH1, MAP2K1, PDPK1, ILK, AKT1, AKT2, NRAS, AKT3, GRB2, AXIN1, TCF7, MYC, SOS1, MAPK1, TCF7L2, HRAS, EGFR, GSK3B, KRAS, EGF, CTNNB1, ARAF, CCND1, PTEN, PIK3R3, TCF7L1, FOXO3, APC, TP53, PIK3CA, PIK3CB, PIK3CD, CTNNA3, PIK3R1, CDH1	c2.cp.kegg.v7.1
KEGG_GLIOMA	Y	0.0354053861558182	52	0.245003060602149	0.374225336554379	0.654693941511218	0.512681498028808	0.995585812883633	SOS2, CALM2, E2F1, PRKCB, RAF1, SHC1, PRKCA, CALM1, IGF1, IGF1R, MAP2K2, TGFA, BRAF, MAP2K1, MDM2, RB1, AKT1, SHC4, AKT2, NRAS, AKT3, GRB2, SOS1, MAPK1, HRAS, EGFR, KRAS, CDKN2A, SHC3, CDKN1A, EGF, ARAF, CCND1, PTEN, PIK3R3, CAMK2A, PDGFB, PDGFRA, CAMK2D, CAMK2G, CDK4, TP53, E2F3, E2F2, PIK3CA, PIK3CB, CDK6, PIK3CD, PLCG1, PLCG2, CALM3, PIK3R1	c2.cp.kegg.v7.1
KEGG_PROSTATE_CANCER	Y	0.0453006814864735	70	0.378198564036683	0.289799953005593	1.30503321382313	0.191914784598353	0.995585812883633	CASP9, SOS2, E2F1, RAF1, IGF1, PDGFD, NKX3-1, IGF1R, GSTP1, CREBBP, ERBB2, MAP2K2, TGFA, BRAF, MAP2K1, FGFR2, PDPK1, IKBKB, MDM2, RB1, CREB1, AKT1, AKT2, FGFR1, AKT3, NRAS, GRB2, CREB5, TCF7, NFKB1, NFKBIA, SOS1, TCF7L2, MAPK1, IKBKG, HRAS, EP300, EGFR, RELA, PDGFC, GSK3B, KRAS, CDKN1B, EGF, CDKN1A, CTNNB1, HSP90AA1, ARAF, AR, HSP90B1, CREB3L2, CCND1, PTEN, PIK3R3, BCL2, PDGFB, TCF7L1, FOXO1, PDGFRA, CDK2, HSP90AB1, TP53, E2F3, E2F2, PIK3CA, PIK3CB, CCNE2, PIK3CD, CCNE1, PIK3R1	c2.cp.kegg.v7.1
KEGG_THYROID_CANCER	Y	0.017015483981447	22	0.573628814169309	0.435483364248244	1.31722325411796	0.187797216679908	0.995585812883633	HRAS, CCDC6, TFG, KRAS, CTNNB1, CCND1, MAP2K2, TCF7L1, BRAF, MAP2K1, RXRB, PPARG, TP53, RET, NRAS, TPR, TCF7, MYC, TPM3, CDH1, MAPK1, TCF7L2	c2.cp.kegg.v7.1
KEGG_BASAL_CELL_CARCINOMA	Y	0.0272005978631723	38	0.206764864654718	0.451165353829555	0.458290653082444	0.646754664442906	0.995585812883633	HHIP, FZD1, FZD4, FZD6, FZD7, FZD9, DVL3, WNT9B, DVL2, WNT9A, DVL1, WNT2B, WNT10B, SMO, AXIN1, WNT4, WNT10A, TCF7, TCF7L2, SHH, WNT1, GSK3B, WNT7A, WNT7B, WNT3, WNT5A, CTNNB1, STK36, WNT5B, FZD5, GLI1, TCF7L1, SUFU, APC, BMP2, GLI3, WNT16, TP53	c2.cp.kegg.v7.1
KEGG_MELANOMA	Y	0.033678571231456	49	0.281568116218066	0.373901864508622	0.753053522715378	0.451437379341255	0.995585812883633	E2F1, RAF1, FGF9, HGF, IGF1, FGF5, PDGFD, IGF1R, FGF1, FGF2, MAP2K2, BRAF, MAP2K1, MDM2, RB1, AKT1, AKT2, FGFR1, AKT3, NRAS, FGF10, FGF12, FGF19, MAPK1, HRAS, EGFR, PDGFC, CDKN2A, KRAS, CDKN1A, EGF, ARAF, MET, CCND1, PTEN, PIK3R3, PDGFB, PDGFRA, CDK4, TP53, E2F3, E2F2, PIK3CA, PIK3CB, CDK6, PIK3CD, MITF, PIK3R1, CDH1	c2.cp.kegg.v7.1
KEGG_BLADDER_CANCER	Y	0.0271367243696353	38	0.473644124909171	0.361507043017019	1.31019335323675	0.190163752525267	0.995585812883633	HRAS, E2F1, RAF1, EGFR, CDKN2A, KRAS, EGF, CDKN1A, TYMP, VEGFA, ARAF, VEGFC, VEGFB, PGF, CXCL8, CCND1, ERBB2, MMP2, MAP2K2, RPS6KA5, BRAF, MMP9, MAP2K1, CDK4, MDM2, RB1, RASSF1, TP53, E2F3, FGFR3, E2F2, NRAS, DAPK2, DAPK1, THBS1, MYC, CDH1, MAPK1	c2.cp.kegg.v7.1
KEGG_CHRONIC_MYELOID_LEUKEMIA	Y	0.0408013254236758	62	0.603085205284349	0.256116278721599	2.35473203146102	0.0185573477963438	0.862916672529987	SOS2, E2F1, PTPN11, RAF1, SHC1, CTBP2, CTBP1, MAP2K2, BRAF, MECOM, MAP2K1, IKBKB, MDM2, RB1, ABL1, AKT1, AKT2, SHC4, AKT3, NRAS, GRB2, STAT5B, SMAD3, STAT5A, SMAD4, NFKB1, NFKBIA, SOS1, MYC, MAPK1, RUNX1, IKBKG, HRAS, RELA, GAB2, CDKN2A, KRAS, CBL, SHC3, CDKN1B, CDKN1A, TGFB2, TGFB1, ARAF, TGFBR2, TGFBR1, CCND1, PIK3R3, BCL2L1, CDK4, TP53, E2F3, E2F2, CRK, PIK3CA, PIK3CB, CDK6, CRKL, PIK3CD, HDAC1, HDAC2, PIK3R1	c2.cp.kegg.v7.1
KEGG_ACUTE_MYELOID_LEUKEMIA	Y	0.0307824945602981	44	-0.231191293557795	0.60083794283604	-0.38478144783357	0.700408405097324	0.995585812883633	SOS2, STAT3, ZBTB16, RAF1, RARA, PML, JUP, CEBPA, EIF4EBP1, MAP2K2, BRAF, MAP2K1, IKBKB, AKT1, AKT2, RPS6KB1, NRAS, AKT3, GRB2, STAT5B, TCF7, STAT5A, NFKB1, MYC, SOS1, TCF7L2, MAPK1, RUNX1, IKBKG, HRAS, RUNX1T1, RELA, KRAS, CCNA1, ARAF, CCND1, PIK3R3, TCF7L1, PPARD, PIK3CA, PIK3CB, PIM1, PIK3CD, PIK3R1	c2.cp.kegg.v7.1
KEGG_SMALL_CELL_LUNG_CANCER	Y	0.0422268601862879	65	0.755935629655341	0.221846267757081	3.40747508307456	0.000658530412773921	0.122486656775949	CASP9, MAX, E2F1, LAMA1, PIAS3, FN1, XIAP, ITGA3, PTK2, COL4A1, COL4A2, PTGS2, COL4A4, RXRB, IKBKB, RB1, SKP2, AKT1, AKT2, PIAS2, ITGAV, LAMC2, ITGB1, AKT3, LAMB3, LAMC1, LAMA4, LAMA5, LAMB1, NFKB1, NFKBIA, MYC, PIAS1, IKBKG, RELA, APAF1, CDKN1B, LAMA2, TRAF5, FHIT, TRAF1, CCND1, PTEN, ITGA2, TRAF4, PIK3R3, BCL2, BCL2L1, BIRC2, CDK2, PIAS4, CDK4, LAMC3, TP53, E2F3, E2F2, PIK3CA, PIK3CB, CCNE2, CYCS, CDK6, PIK3CD, CCNE1, PIK3R1, CKS1B	c2.cp.kegg.v7.1
KEGG_NON_SMALL_CELL_LUNG_CANCER	Y	0.0313599658686042	45	-0.351421134793392	0.654749147888538	-0.536726372117732	0.591469856564998	0.995585812883633	CASP9, SOS2, E2F1, PRKCB, RAF1, PRKCA, ERBB2, MAP2K2, TGFA, BRAF, MAP2K1, RXRB, PDPK1, RB1, RASSF1, AKT1, AKT2, NRAS, AKT3, GRB2, SOS1, MAPK1, HRAS, EGFR, KRAS, CDKN2A, EGF, RASSF5, FHIT, STK4, ARAF, CCND1, PIK3R3, FOXO3, CDK4, TP53, E2F3, E2F2, PIK3CA, PIK3CB, CDK6, PIK3CD, PLCG1, PLCG2, PIK3R1	c2.cp.kegg.v7.1
KEGG_ASTHMA	Y	0.00549968820114437	6	-9.28461528263335	1010.64535177538	-0.00918681836939461	0.992670285460963	0.995585812883633	HLA-DRB5, HLA-DOA, TNF, CCL11, CD40LG, HLA-DRA	c2.cp.kegg.v7.1
KEGG_AUTOIMMUNE_THYROID_DISEASE	Y	0.0122269587762625	15	-9.2293491682992	612.944390174105	-0.0150574005019895	0.987986719155201	0.995585812883633	HLA-DOA, CD86, CD28, HLA-C, HLA-B, HLA-A, HLA-G, CTLA4, HLA-DRB5, HLA-F, HLA-E, CD40LG, FAS, FASLG, HLA-DRA	c2.cp.kegg.v7.1
KEGG_SYSTEMIC_LUPUS_ERYTHEMATOSUS	Y	0.0501284184132648	79	-0.270436490719878	0.462929574393772	-0.584184950970193	0.559110475051976	0.995585812883633	CD86, H2BU1, CD28, H2AC1, H2AC7, H2AC8, H2AC21, H3C14, H2AC19, H4C9, C8A, H3-4, C7, HLA-DRB5, C6, H4-16, H4C15, H4C14, H2BC3, H2AX, H2AZ1, H2BC5, H3-3B, C3, H2AC12, H3-3A, H2BC12, HLA-DRA, H2AC11, HLA-DOA, H3C7, TNF, H4C4, H4C12, H4C6, H4C3, H4C11, H4C2, H4C8, ACTN4, H4C13, H2BC11, H4C5, H2BC21, GRIN2A, RO60, TRIM21, H3C4, H3C1, H2BC18, H3C8, H3C6, H3C3, H4C1, H3C2, H3C10, H3C15, H3C12, H3-5, H2AC20, H2BC8, SNRPD3, H2BC13, H2BC9, H2BC17, H2BC15, H2BC6, H2BC7, CD40LG, SNRPB, H2AC13, H3C13, H2AC18, H2AC17, SNRPD1, H2AC4, H2AC6, H2AC14, H2BC1	c2.cp.kegg.v7.1
KEGG_ALLOGRAFT_REJECTION	Y	0.0129276842900921	16	-9.27252779221918	612.95979460951	-0.015127464923089	0.98793082374974	0.995585812883633	HLA-DRB5, HLA-DOA, CD86, CD28, TNF, HLA-C, HLA-B, HLA-F, HLA-E, HLA-A, CD40LG, HLA-G, IL12A, FAS, FASLG, HLA-DRA	c2.cp.kegg.v7.1
KEGG_GRAFT_VERSUS_HOST_DISEASE	Y	0.013621474259361	17	-9.3130965264667	612.97398480999	-0.0151932981778233	0.987878303902634	0.995585812883633	HLA-DRB5, HLA-DOA, CD86, KLRD1, CD28, TNF, HLA-C, HLA-B, IL1B, HLA-F, HLA-E, HLA-A, HLA-G, FAS, FASLG, IL6, HLA-DRA	c2.cp.kegg.v7.1
KEGG_PRIMARY_IMMUNODEFICIENCY	Y	0.010835936688188	13	0.417531641252665	0.644396515424267	0.647942115232831	0.517038859961818	0.995585812883633	CD4, TNFRSF13C, IKBKG, RFXAP, TAP1, UNG, IL7R, CD40LG, CD3D, RFXANK, AIRE, CIITA, DCLRE1C	c2.cp.kegg.v7.1
KEGG_HYPERTROPHIC_CARDIOMYOPATHY_HCM	Y	0.0306162983333001	44	-9.28229784861738	371.744456263895	-0.0249695663034395	0.980079790223708	0.995585812883633	CACNB1, CACNB2, TNF, IGF1, CACNG8, LMNA, CACNG6, ATP2A2, CACNG7, ITGA3, TPM1, ITGA5, EMD, ITGA11, DMD, CACNA2D3, SLC8A1, CACNA1C, ITGB3, ITGB4, TNNC1, ITGB5, ITGAV, ITGB1, TPM4, ACTC1, ACTG1, TPM3, SGCD, SGCB, CACNG2, DAG1, LAMA2, TGFB2, TGFB1, PRKAB2, PRKAA2, ITGB8, PRKAA1, ACTB, ITGA2, ITGA1, PRKAG1, IL6	c2.cp.kegg.v7.1
KEGG_ARRHYTHMOGENIC_RIGHT_VENTRICULAR_CARDIOMYOPATHY_ARVC	Y	0.0288500986471972	41	-9.23491286228718	371.736638812446	-0.0248426221633389	0.980181042777085	0.995585812883633	CACNB1, CACNB2, CACNG8, JUP, LMNA, CACNG6, ATP2A2, CACNG7, ITGA3, ITGA5, EMD, ACTN4, ITGA11, DSG2, DMD, CACNA2D3, SLC8A1, CACNA1C, ITGB3, ITGB4, ITGB5, ITGAV, ITGB1, TCF7, ACTG1, CDH2, TCF7L2, SGCD, SGCB, CACNG2, DAG1, CTNNB1, LAMA2, GJA1, ITGB8, ACTB, ITGA2, ITGA1, TCF7L1, DSP, CTNNA3	c2.cp.kegg.v7.1
KEGG_DILATED_CARDIOMYOPATHY	Y	0.0335100778814642	49	-9.35456093808281	371.755605417308	-0.0251632007742883	0.979925345079323	0.995585812883633	CACNB1, CACNB2, ADCY9, ADCY6, ADCY7, TNF, IGF1, CACNG8, CACNG6, LMNA, CACNG7, ATP2A2, ADRB1, ITGA3, TPM1, ITGA5, EMD, ITGA11, DMD, CACNA2D3, SLC8A1, CACNA1C, ITGB3, ITGB4, TNNC1, ITGB5, ITGAV, ITGB1, TPM4, ACTC1, ACTG1, TPM3, SGCD, SGCB, CACNG2, DAG1, PRKX, LAMA2, TGFB2, TGFB1, ADCY3, ADCY1, ITGB8, ACTB, ITGA2, ITGA1, PRKACA, PRKACB, GNAS	c2.cp.kegg.v7.1
KEGG_VIRAL_MYOCARDITIS	Y	0.0288500986471972	41	-9.23491286117388	371.73663910021	-0.0248426221411132	0.980181042794812	0.995585812883633	CASP9, CASP8, HLA-DOA, CD86, CD28, ICAM1, HLA-C, HLA-B, MYH14, HLA-A, DMD, MYH15, BID, HLA-G, RAC3, ABL1, ABL2, CASP3, EIF4G2, ACTG1, RAC1, SGCD, HLA-DRB5, SGCB, DAG1, CD55, LAMA2, ACTB, HLA-F, HLA-E, CD40LG, CCND1, MYH7B, CAV1, MYH2, CYCS, MYH9, MYH11, FYN, MYH10, HLA-DRA	c2.cp.kegg.v7.1
